"../../../Engine/Plugins/2D/Paper2D/Content/PlaceholderTextures/DummySpriteTexture.ubulk" 0
"../../../Engine/Plugins/2D/Paper2D/Content/PlaceholderTextures/DummySpriteTexture.uasset" 1
"../../../Engine/Plugins/2D/Paper2D/Content/PlaceholderTextures/DummySpriteTexture.uexp" 2
"../../../Engine/Plugins/2D/Paper2D/Content/DummySprite.uasset" 3
"../../../Engine/Plugins/2D/Paper2D/Content/DummySprite.uexp" 4
"../../../Engine/Plugins/2D/Paper2D/Content/DefaultPaperTerrainMaterial.uasset" 5
"../../../Engine/Plugins/2D/Paper2D/Content/DefaultPaperTerrainMaterial.uexp" 6
"../../../Engine/Plugins/Animation/ACLPlugin/Content/ACLAnimBoneCompressionSettings.uasset" 7
"../../../Engine/Plugins/Animation/ACLPlugin/Content/ACLAnimBoneCompressionSettings.uexp" 8
"../../../Engine/Plugins/Animation/ACLPlugin/Content/ACLAnimCurveCompressionSettings.uasset" 9
"../../../Engine/Plugins/Animation/ACLPlugin/Content/ACLAnimCurveCompressionSettings.uexp" 10
"../../../Engine/Content/Animation/DefaultRecorderBoneCompression.uasset" 11
"../../../Engine/Content/Animation/DefaultRecorderBoneCompression.uexp" 12
"../../../Engine/Content/Animation/DefaultVariableFrameStrippingSettings.uasset" 13
"../../../Engine/Content/Animation/DefaultVariableFrameStrippingSettings.uexp" 14
"../../../Engine/Content/EngineFonts/Faces/DroidSansFallback.uexp" 15
"../../../Engine/Content/EngineFonts/Faces/DroidSansFallback.uasset" 16
"../../../Engine/Content/EngineFonts/Faces/DroidSansFallback.ufont" 17
"../../../Engine/Content/EngineFonts/Faces/RobotoBold.uexp" 18
"../../../Engine/Content/EngineFonts/Faces/RobotoBold.uasset" 19
"../../../Engine/Content/EngineFonts/Faces/RobotoBold.ufont" 20
"../../../Engine/Content/EngineFonts/Faces/RobotoBoldItalic.uexp" 21
"../../../Engine/Content/EngineFonts/Faces/RobotoBoldItalic.uasset" 22
"../../../Engine/Content/EngineFonts/Faces/RobotoBoldItalic.ufont" 23
"../../../Engine/Content/EngineFonts/Faces/RobotoItalic.uexp" 24
"../../../Engine/Content/EngineFonts/Faces/RobotoItalic.uasset" 25
"../../../Engine/Content/EngineFonts/Faces/RobotoItalic.ufont" 26
"../../../Engine/Content/EngineFonts/Faces/RobotoLight.uexp" 27
"../../../Engine/Content/EngineFonts/Faces/RobotoLight.uasset" 28
"../../../Engine/Content/EngineFonts/Faces/RobotoLight.ufont" 29
"../../../Engine/Content/EngineFonts/Faces/RobotoRegular.uexp" 30
"../../../Engine/Content/EngineFonts/Faces/RobotoRegular.uasset" 31
"../../../Engine/Content/EngineFonts/Faces/RobotoRegular.ufont" 32
"../../../Engine/Content/EngineFonts/Roboto.uasset" 33
"../../../Engine/Content/EngineFonts/Roboto.uexp" 34
"../../../Engine/Content/EngineMaterials/DefaultDestructiblePhysicalMaterial.uasset" 35
"../../../Engine/Content/EngineMaterials/DefaultDestructiblePhysicalMaterial.uexp" 36
"../../../Engine/Content/EngineMaterials/DefaultPhysicalMaterial.uasset" 37
"../../../Engine/Content/EngineMaterials/DefaultPhysicalMaterial.uexp" 38
"../../../Engine/Content/EngineSounds/Master.uasset" 39
"../../../Engine/Content/EngineSounds/Master.uexp" 40
"../../../Engine/Plugins/Animation/ControlRig/Content/Controls/DefaultGizmoLibraryNormalized.uasset" 41
"../../../Engine/Plugins/Animation/ControlRig/Content/Controls/DefaultGizmoLibraryNormalized.uexp" 42
"../../../Engine/Content/EditorResources/S_Actor.ubulk" 43
"../../../Engine/Content/EditorResources/S_Actor.uasset" 44
"../../../Engine/Content/EditorResources/S_Actor.uexp" 45
"../../../Engine/Content/EditorResources/S_BoxReflectionCapture.uasset" 46
"../../../Engine/Content/EditorResources/S_BoxReflectionCapture.uexp" 47
"../../../Engine/Content/EngineMaterials/PreintegratedSkinBRDF.uasset" 48
"../../../Engine/Content/EngineMaterials/PreintegratedSkinBRDF.uexp" 49
"../../../Engine/Content/EditorLandscapeResources/DefaultAlphaTexture.uasset" 50
"../../../Engine/Content/EditorLandscapeResources/DefaultAlphaTexture.uexp" 51
"../../../Engine/Content/EditorLandscapeResources/ColorMaskBrushMaterial.uasset" 52
"../../../Engine/Content/EditorLandscapeResources/ColorMaskBrushMaterial.uexp" 53
"../../../Engine/Content/EditorLandscapeResources/ColorMaskBrushMaterial_MaskedRegion.uasset" 54
"../../../Engine/Content/EditorLandscapeResources/ColorMaskBrushMaterial_MaskedRegion.uexp" 55
"../../../Engine/Content/EngineSky/T_Sky_Blue.ubulk" 56
"../../../Engine/Content/EngineSky/T_Sky_Blue.uasset" 57
"../../../Engine/Content/EngineSky/T_Sky_Blue.uexp" 58
"../../../Engine/Content/EngineSky/T_Sky_Clouds_M.ubulk" 59
"../../../Engine/Content/EngineSky/T_Sky_Clouds_M.uasset" 60
"../../../Engine/Content/EngineSky/T_Sky_Clouds_M.uexp" 61
"../../../Engine/Content/EngineSky/T_Sky_Stars.ubulk" 62
"../../../Engine/Content/EngineSky/T_Sky_Stars.uasset" 63
"../../../Engine/Content/EngineSky/T_Sky_Stars.uexp" 64
"../../../Engine/Content/EngineSky/M_Sky_Panning_Clouds2.uasset" 65
"../../../Engine/Content/EngineSky/M_Sky_Panning_Clouds2.uexp" 66
"../../../Engine/Content/EngineSky/SM_SkySphere.ubulk" 67
"../../../Engine/Content/EngineSky/SM_SkySphere.uasset" 68
"../../../Engine/Content/EngineSky/SM_SkySphere.uexp" 69
"../../../Engine/Content/Functions/Engine_MaterialFunctions01/Opacity/CameraDepthFade.uasset" 70
"../../../Engine/Content/Functions/Engine_MaterialFunctions01/Opacity/CameraDepthFade.uexp" 71
"../../../Engine/Content/EngineMaterials/T_Default_Material_Grid_M.ubulk" 72
"../../../Engine/Content/EngineMaterials/T_Default_Material_Grid_M.uasset" 73
"../../../Engine/Content/EngineMaterials/T_Default_Material_Grid_M.uexp" 74
"../../../Engine/Content/EngineMaterials/T_Default_Material_Grid_N.ubulk" 75
"../../../Engine/Content/EngineMaterials/T_Default_Material_Grid_N.uasset" 76
"../../../Engine/Content/EngineMaterials/T_Default_Material_Grid_N.uexp" 77
"../../../Engine/Content/EngineMaterials/WorldGridMaterial.uasset" 78
"../../../Engine/Content/EngineMaterials/WorldGridMaterial.uexp" 79
"../../../Engine/Plugins/Animation/ControlRig/Content/Controls/ControlRig_Circle_solid.ubulk" 80
"../../../Engine/Plugins/Animation/ControlRig/Content/Controls/ControlRig_Circle_solid.uasset" 81
"../../../Engine/Plugins/Animation/ControlRig/Content/Controls/ControlRig_Circle_solid.uexp" 82
"../../../Engine/Plugins/Animation/ControlRig/Content/Controls/ControlRig_Diamond_1mm.ubulk" 83
"../../../Engine/Plugins/Animation/ControlRig/Content/Controls/ControlRig_Diamond_1mm.uasset" 84
"../../../Engine/Plugins/Animation/ControlRig/Content/Controls/ControlRig_Diamond_1mm.uexp" 85
"../../../Engine/Plugins/Animation/ControlRig/Content/Controls/ControlRig_Diamond_3mm.ubulk" 86
"../../../Engine/Plugins/Animation/ControlRig/Content/Controls/ControlRig_Diamond_3mm.uasset" 87
"../../../Engine/Plugins/Animation/ControlRig/Content/Controls/ControlRig_Diamond_3mm.uexp" 88
"../../../Engine/Plugins/Animation/ControlRig/Content/Controls/ControlRig_Diamond_solid.ubulk" 89
"../../../Engine/Plugins/Animation/ControlRig/Content/Controls/ControlRig_Diamond_solid.uasset" 90
"../../../Engine/Plugins/Animation/ControlRig/Content/Controls/ControlRig_Diamond_solid.uexp" 91
"../../../Engine/Content/EngineMaterials/RemoveSurfaceMaterial.uasset" 92
"../../../Engine/Content/EngineMaterials/RemoveSurfaceMaterial.uexp" 93
"../../../Engine/Plugins/Animation/ControlRig/Content/Controls/ControlRig_HalfCircle_1mm.ubulk" 94
"../../../Engine/Plugins/Animation/ControlRig/Content/Controls/ControlRig_HalfCircle_1mm.uasset" 95
"../../../Engine/Plugins/Animation/ControlRig/Content/Controls/ControlRig_HalfCircle_1mm.uexp" 96
"../../../Engine/Plugins/Animation/ControlRig/Content/Controls/ControlRig_HalfCircle_3mm.ubulk" 97
"../../../Engine/Plugins/Animation/ControlRig/Content/Controls/ControlRig_HalfCircle_3mm.uasset" 98
"../../../Engine/Plugins/Animation/ControlRig/Content/Controls/ControlRig_HalfCircle_3mm.uexp" 99
"../../../Engine/Content/EditorLandscapeResources/LandscapeDirtyMaterial.uasset" 100
"../../../Engine/Content/EditorLandscapeResources/LandscapeDirtyMaterial.uexp" 101
"../../../Engine/Content/EngineMaterials/SMAAAreaTex.uasset" 102
"../../../Engine/Content/EngineMaterials/SMAAAreaTex.uexp" 103
"../../../Engine/Plugins/Animation/ControlRig/Content/Controls/ControlRig_HalfCircle_solid.ubulk" 104
"../../../Engine/Plugins/Animation/ControlRig/Content/Controls/ControlRig_HalfCircle_solid.uasset" 105
"../../../Engine/Plugins/Animation/ControlRig/Content/Controls/ControlRig_HalfCircle_solid.uexp" 106
"../../../Engine/Content/EngineMaterials/SMAASearchTex.uasset" 107
"../../../Engine/Content/EngineMaterials/SMAASearchTex.uexp" 108
"../../../Engine/Plugins/Animation/ControlRig/Content/Controls/ControlRig_Hexagon_1mm.ubulk" 109
"../../../Engine/Plugins/Animation/ControlRig/Content/Controls/ControlRig_Hexagon_1mm.uasset" 110
"../../../Engine/Plugins/Animation/ControlRig/Content/Controls/ControlRig_Hexagon_1mm.uexp" 111
"../../../Engine/Plugins/Animation/ControlRig/Content/Controls/ControlRig_Hexagon_3mm.ubulk" 112
"../../../Engine/Plugins/Animation/ControlRig/Content/Controls/ControlRig_Hexagon_3mm.uasset" 113
"../../../Engine/Plugins/Animation/ControlRig/Content/Controls/ControlRig_Hexagon_3mm.uexp" 114
"../../../Engine/Plugins/Animation/ControlRig/Content/Controls/ControlRig_Hexagon_solid.ubulk" 115
"../../../Engine/Plugins/Animation/ControlRig/Content/Controls/ControlRig_Hexagon_solid.uasset" 116
"../../../Engine/Plugins/Animation/ControlRig/Content/Controls/ControlRig_Hexagon_solid.uexp" 117
"../../../Engine/Content/EngineMaterials/DefaultDiffuse.ubulk" 118
"../../../Engine/Content/EngineMaterials/DefaultDiffuse.uasset" 119
"../../../Engine/Content/EngineMaterials/DefaultDiffuse.uexp" 120
"../../../Engine/Content/Functions/Engine_MaterialFunctions01/Texturing/TextureCropping.uasset" 121
"../../../Engine/Content/Functions/Engine_MaterialFunctions01/Texturing/TextureCropping.uexp" 122
"../../../Engine/Content/Functions/Engine_MaterialFunctions02/ExampleContent/DebugNumberStrip.uasset" 123
"../../../Engine/Content/Functions/Engine_MaterialFunctions02/ExampleContent/DebugNumberStrip.uexp" 124
"../../../Engine/Content/Functions/Engine_MaterialFunctions01/Debug/DebugIntValues.uasset" 125
"../../../Engine/Content/Functions/Engine_MaterialFunctions01/Debug/DebugIntValues.uexp" 126
"../../../Engine/Content/Functions/Engine_MaterialFunctions02/Utility/BreakOutFloat2Components.uasset" 127
"../../../Engine/Content/Functions/Engine_MaterialFunctions02/Utility/BreakOutFloat2Components.uexp" 128
"../../../Engine/Content/Functions/Engine_MaterialFunctions01/Texturing/ScaleUVsByCenter.uasset" 129
"../../../Engine/Content/Functions/Engine_MaterialFunctions01/Texturing/ScaleUVsByCenter.uexp" 130
"../../../Engine/Content/Functions/Engine_MaterialFunctions02/WorldPositionOffset/LocalPosition.uasset" 131
"../../../Engine/Content/Functions/Engine_MaterialFunctions02/WorldPositionOffset/LocalPosition.uexp" 132
"../../../Engine/Content/EditorLandscapeResources/LandscapeLayerUsageMaterial.uasset" 133
"../../../Engine/Content/EditorLandscapeResources/LandscapeLayerUsageMaterial.uexp" 134
"../../../Engine/Plugins/Animation/ControlRig/Content/Controls/ControlRig_Octagon_1mm.ubulk" 135
"../../../Engine/Plugins/Animation/ControlRig/Content/Controls/ControlRig_Octagon_1mm.uasset" 136
"../../../Engine/Plugins/Animation/ControlRig/Content/Controls/ControlRig_Octagon_1mm.uexp" 137
"../../../Engine/Plugins/Animation/ControlRig/Content/Controls/ControlRig_Octagon_3mm.ubulk" 138
"../../../Engine/Plugins/Animation/ControlRig/Content/Controls/ControlRig_Octagon_3mm.uasset" 139
"../../../Engine/Plugins/Animation/ControlRig/Content/Controls/ControlRig_Octagon_3mm.uexp" 140
"../../../Engine/Plugins/Animation/ControlRig/Content/Controls/ControlRig_Octagon_solid.ubulk" 141
"../../../Engine/Plugins/Animation/ControlRig/Content/Controls/ControlRig_Octagon_solid.uasset" 142
"../../../Engine/Plugins/Animation/ControlRig/Content/Controls/ControlRig_Octagon_solid.uexp" 143
"../../../Engine/Plugins/Animation/ControlRig/Content/Controls/ControlRig_Pyramid_1mm.ubulk" 144
"../../../Engine/Plugins/Animation/ControlRig/Content/Controls/ControlRig_Pyramid_1mm.uasset" 145
"../../../Engine/Plugins/Animation/ControlRig/Content/Controls/ControlRig_Pyramid_1mm.uexp" 146
"../../../Engine/Plugins/Animation/ControlRig/Content/Controls/ControlRig_Pyramid_3mm.ubulk" 147
"../../../Engine/Plugins/Animation/ControlRig/Content/Controls/ControlRig_Pyramid_3mm.uasset" 148
"../../../Engine/Plugins/Animation/ControlRig/Content/Controls/ControlRig_Pyramid_3mm.uexp" 149
"../../../Engine/Content/EditorLandscapeResources/WhiteSquareTexture.uasset" 150
"../../../Engine/Content/EditorLandscapeResources/WhiteSquareTexture.uexp" 151
"../../../Engine/Content/EditorLandscapeResources/LayerVisMaterial.uasset" 152
"../../../Engine/Content/EditorLandscapeResources/LayerVisMaterial.uexp" 153
"../../../Engine/Plugins/Animation/ControlRig/Content/Controls/ControlRig_Pyramid_solid.ubulk" 154
"../../../Engine/Plugins/Animation/ControlRig/Content/Controls/ControlRig_Pyramid_solid.uasset" 155
"../../../Engine/Plugins/Animation/ControlRig/Content/Controls/ControlRig_Pyramid_solid.uexp" 156
"../../../Engine/Content/Functions/Engine_MaterialFunctions02/Utility/BreakOutFloat3Components.uasset" 157
"../../../Engine/Content/Functions/Engine_MaterialFunctions02/Utility/BreakOutFloat3Components.uexp" 158
"../../../Engine/Content/Functions/Engine_MaterialFunctions02/Utility/VectorLength.uasset" 159
"../../../Engine/Content/Functions/Engine_MaterialFunctions02/Utility/VectorLength.uexp" 160
"../../../Engine/Content/Functions/Engine_MaterialFunctions02/WorldPositionOffset/ObjectScale.uasset" 161
"../../../Engine/Content/Functions/Engine_MaterialFunctions02/WorldPositionOffset/ObjectScale.uexp" 162
"../../../Engine/Plugins/Editor/SpeedTreeImporter/Content/SpeedTree9/Empty.uasset" 163
"../../../Engine/Plugins/Editor/SpeedTreeImporter/Content/SpeedTree9/Empty.uexp" 164
"../../../Engine/Plugins/Editor/SpeedTreeImporter/Content/SpeedTree9/EmptyNormal.uasset" 165
"../../../Engine/Plugins/Editor/SpeedTreeImporter/Content/SpeedTree9/EmptyNormal.uexp" 166
"../../../Engine/Plugins/Editor/SpeedTreeImporter/Content/SpeedTree9/game_wind_noise.ubulk" 167
"../../../Engine/Plugins/Editor/SpeedTreeImporter/Content/SpeedTree9/game_wind_noise.uasset" 168
"../../../Engine/Plugins/Editor/SpeedTreeImporter/Content/SpeedTree9/game_wind_noise.uexp" 169
"../../../Engine/Plugins/Editor/SpeedTreeImporter/Content/SpeedTree9/SpeedTreeBillboard.uasset" 170
"../../../Engine/Plugins/Editor/SpeedTreeImporter/Content/SpeedTree9/SpeedTreeBillboard.uexp" 171
"../../../Engine/Content/Functions/Engine_MaterialFunctions02/SafeNormalize.uasset" 172
"../../../Engine/Content/Functions/Engine_MaterialFunctions02/SafeNormalize.uexp" 173
"../../../Engine/Plugins/Editor/SpeedTreeImporter/Content/SpeedTree9/SpeedTreeWindMotion.uasset" 174
"../../../Engine/Plugins/Editor/SpeedTreeImporter/Content/SpeedTree9/SpeedTreeWindMotion.uexp" 175
"../../../Engine/Plugins/Editor/SpeedTreeImporter/Content/SpeedTree9/UnpackDirection.uasset" 176
"../../../Engine/Plugins/Editor/SpeedTreeImporter/Content/SpeedTree9/UnpackDirection.uexp" 177
"../../../Engine/Plugins/Editor/SpeedTreeImporter/Content/SpeedTree9/UnpackInteger3.uasset" 178
"../../../Engine/Plugins/Editor/SpeedTreeImporter/Content/SpeedTree9/UnpackInteger3.uexp" 179
"../../../Engine/Plugins/Editor/SpeedTreeImporter/Content/SpeedTree9/SpeedTreeBranchMotion.uasset" 180
"../../../Engine/Plugins/Editor/SpeedTreeImporter/Content/SpeedTree9/SpeedTreeBranchMotion.uexp" 181
"../../../Engine/Content/Functions/Engine_MaterialFunctions02/ObjectLocalBounds.uasset" 182
"../../../Engine/Content/Functions/Engine_MaterialFunctions02/ObjectLocalBounds.uexp" 183
"../../../Engine/Content/Functions/Engine_MaterialFunctions02/UVs/BoundingBoxBased_0-1_UVW.uasset" 184
"../../../Engine/Content/Functions/Engine_MaterialFunctions02/UVs/BoundingBoxBased_0-1_UVW.uexp" 185
"../../../Engine/Plugins/Editor/SpeedTreeImporter/Content/SpeedTree9/SpeedTreeWind.uasset" 186
"../../../Engine/Plugins/Editor/SpeedTreeImporter/Content/SpeedTree9/SpeedTreeWind.uexp" 187
"../../../Engine/Plugins/Editor/SpeedTreeImporter/Content/SpeedTree9/SpeedTreeBillboardMaster.uasset" 188
"../../../Engine/Plugins/Editor/SpeedTreeImporter/Content/SpeedTree9/SpeedTreeBillboardMaster.uexp" 189
"../../../Engine/Content/Functions/Engine_MaterialFunctions02/Utility/MakeFloat3.uasset" 190
"../../../Engine/Content/Functions/Engine_MaterialFunctions02/Utility/MakeFloat3.uexp" 191
"../../../Engine/Content/Functions/Engine_MaterialFunctions03/Math/WithinRangeFloat2.uasset" 192
"../../../Engine/Content/Functions/Engine_MaterialFunctions03/Math/WithinRangeFloat2.uexp" 193
"../../../Engine/Content/EditorLandscapeResources/MaskBrushMaterial.uasset" 194
"../../../Engine/Content/EditorLandscapeResources/MaskBrushMaterial.uexp" 195
"../../../Engine/Content/EditorLandscapeResources/MaskBrushMaterial_MaskedRegion.uasset" 196
"../../../Engine/Content/EditorLandscapeResources/MaskBrushMaterial_MaskedRegion.uexp" 197
"../../../Engine/Plugins/Animation/ControlRig/Content/Controls/ControlRig_QuarterCircle_1mm.ubulk" 198
"../../../Engine/Plugins/Animation/ControlRig/Content/Controls/ControlRig_QuarterCircle_1mm.uasset" 199
"../../../Engine/Plugins/Animation/ControlRig/Content/Controls/ControlRig_QuarterCircle_1mm.uexp" 200
"../../../Engine/Content/EditorMaterials/PhAT_NoCollisionMaterial.uasset" 201
"../../../Engine/Content/EditorMaterials/PhAT_NoCollisionMaterial.uexp" 202
"../../../Engine/Content/EditorMaterials/PhAT_UnselectedMaterial.uasset" 203
"../../../Engine/Content/EditorMaterials/PhAT_UnselectedMaterial.uexp" 204
"../../../Engine/Content/EditorResources/S_Solver.ubulk" 205
"../../../Engine/Content/EditorResources/S_Solver.uasset" 206
"../../../Engine/Content/EditorResources/S_Solver.uexp" 207
"../../../Engine/Content/EngineResources/WhiteSquareTexture.uasset" 208
"../../../Engine/Content/EngineResources/WhiteSquareTexture.uexp" 209
"../../../Engine/Content/EngineMaterials/Widget3DPassThrough.uasset" 210
"../../../Engine/Content/EngineMaterials/Widget3DPassThrough.uexp" 211
"../../../Engine/Content/EngineMaterials/Widget3DPassThrough_Masked.uasset" 212
"../../../Engine/Content/EngineMaterials/Widget3DPassThrough_Masked.uexp" 213
"../../../Engine/Content/EngineMaterials/Widget3DPassThrough_Opaque.uasset" 214
"../../../Engine/Content/EngineMaterials/Widget3DPassThrough_Opaque.uexp" 215
"../../../Engine/Content/EngineMaterials/Widget3DPassThrough_Masked_OneSided.uasset" 216
"../../../Engine/Content/EngineMaterials/Widget3DPassThrough_Masked_OneSided.uexp" 217
"../../../Engine/Content/EditorMaterials/PreviewShadowIndicator.ubulk" 218
"../../../Engine/Content/EditorMaterials/PreviewShadowIndicator.uasset" 219
"../../../Engine/Content/EditorMaterials/PreviewShadowIndicator.uexp" 220
"../../../Engine/Content/EditorMaterials/PreviewShadowIndicatorMaterial.uasset" 221
"../../../Engine/Content/EditorMaterials/PreviewShadowIndicatorMaterial.uexp" 222
"../../../Engine/Content/EditorLandscapeResources/SelectBrushMaterial.uasset" 223
"../../../Engine/Content/EditorLandscapeResources/SelectBrushMaterial.uexp" 224
"../../../Engine/Content/EditorLandscapeResources/SelectBrushMaterial_Selected.uasset" 225
"../../../Engine/Content/EditorLandscapeResources/SelectBrushMaterial_Selected.uexp" 226
"../../../Engine/Plugins/Animation/ControlRig/Content/Controls/ControlRig_QuarterCircle_3mm.ubulk" 227
"../../../Engine/Plugins/Animation/ControlRig/Content/Controls/ControlRig_QuarterCircle_3mm.uasset" 228
"../../../Engine/Plugins/Animation/ControlRig/Content/Controls/ControlRig_QuarterCircle_3mm.uexp" 229
"../../../Engine/Content/EditorResources/S_Terrain.ubulk" 230
"../../../Engine/Content/EditorResources/S_Terrain.uasset" 231
"../../../Engine/Content/EditorResources/S_Terrain.uexp" 232
"../../../Engine/Content/EngineMaterials/Widget3DPassThrough_Opaque_OneSided.uasset" 233
"../../../Engine/Content/EngineMaterials/Widget3DPassThrough_Opaque_OneSided.uexp" 234
"../../../Engine/Content/EngineMaterials/Widget3DPassThrough_Translucent.uasset" 235
"../../../Engine/Content/EngineMaterials/Widget3DPassThrough_Translucent.uexp" 236
"../../../Engine/Content/EngineMaterials/Widget3DPassThrough_Translucent_OneSided.uasset" 237
"../../../Engine/Content/EngineMaterials/Widget3DPassThrough_Translucent_OneSided.uexp" 238
"../../../Engine/Content/EngineMaterials/DefaultBloomKernel.uasset" 239
"../../../Engine/Content/EngineMaterials/DefaultBloomKernel.uexp" 240
"../../../Engine/Plugins/Animation/ControlRig/Content/Controls/ControlRig_QuarterCircle_solid.ubulk" 241
"../../../Engine/Plugins/Animation/ControlRig/Content/Controls/ControlRig_QuarterCircle_solid.uasset" 242
"../../../Engine/Plugins/Animation/ControlRig/Content/Controls/ControlRig_QuarterCircle_solid.uexp" 243
"../../../Engine/Content/EngineMaterials/DefaultBokeh.uasset" 244
"../../../Engine/Content/EngineMaterials/DefaultBokeh.uexp" 245
"../../../Engine/Content/EditorResources/S_Trigger.ubulk" 246
"../../../Engine/Content/EditorResources/S_Trigger.uasset" 247
"../../../Engine/Content/EditorResources/S_Trigger.uexp" 248
"../../../Engine/Plugins/Animation/ControlRig/Content/Controls/ControlRig_RoundedSquare_1mm.ubulk" 249
"../../../Engine/Plugins/Animation/ControlRig/Content/Controls/ControlRig_RoundedSquare_1mm.uasset" 250
"../../../Engine/Plugins/Animation/ControlRig/Content/Controls/ControlRig_RoundedSquare_1mm.uexp" 251
"../../../Engine/Content/Functions/Engine_MaterialFunctions02/Utility/CameraDirectionVector.uasset" 252
"../../../Engine/Content/Functions/Engine_MaterialFunctions02/Utility/CameraDirectionVector.uexp" 253
"../../../Engine/Plugins/Experimental/MeshModelingToolsetExp/Content/Materials/GetDisplacementVectorForDepthBias.uasset" 254
"../../../Engine/Plugins/Experimental/MeshModelingToolsetExp/Content/Materials/GetDisplacementVectorForDepthBias.uexp" 255
"../../../Engine/Content/Functions/Engine_MaterialFunctions03/Viewport/MF_OrthoWidth.uasset" 256
"../../../Engine/Content/Functions/Engine_MaterialFunctions03/Viewport/MF_OrthoWidth.uexp" 257
"../../../Engine/Content/Functions/Engine_MaterialFunctions02/Utility/FOV.uasset" 258
"../../../Engine/Content/Functions/Engine_MaterialFunctions02/Utility/FOV.uexp" 259
"../../../Engine/Content/Functions/Engine_MaterialFunctions02/WorldPositionOffset/V2/ObjectScale.uasset" 260
"../../../Engine/Content/Functions/Engine_MaterialFunctions02/WorldPositionOffset/V2/ObjectScale.uexp" 261
"../../../Engine/Plugins/Experimental/MeshModelingToolsetExp/Content/Materials/PointSetOverlaidComponentMaterial.uasset" 262
"../../../Engine/Plugins/Experimental/MeshModelingToolsetExp/Content/Materials/PointSetOverlaidComponentMaterial.uexp" 263
"../../../Engine/Content/EditorResources/S_TriggerBox.uasset" 264
"../../../Engine/Content/EditorResources/S_TriggerBox.uexp" 265
"../../../Engine/Plugins/Animation/ControlRig/Content/Controls/ControlRig_RoundedSquare_3mm.ubulk" 266
"../../../Engine/Plugins/Animation/ControlRig/Content/Controls/ControlRig_RoundedSquare_3mm.uasset" 267
"../../../Engine/Plugins/Animation/ControlRig/Content/Controls/ControlRig_RoundedSquare_3mm.uexp" 268
"../../../Engine/Content/EditorResources/S_TriggerCapsule.uasset" 269
"../../../Engine/Content/EditorResources/S_TriggerCapsule.uexp" 270
"../../../Engine/Plugins/Animation/ControlRig/Content/Controls/ControlRig_RoundedSquare_solid.ubulk" 271
"../../../Engine/Plugins/Animation/ControlRig/Content/Controls/ControlRig_RoundedSquare_solid.uasset" 272
"../../../Engine/Plugins/Animation/ControlRig/Content/Controls/ControlRig_RoundedSquare_solid.uexp" 273
"../../../Engine/Content/EditorResources/S_TriggerSphere.uasset" 274
"../../../Engine/Content/EditorResources/S_TriggerSphere.uexp" 275
"../../../Engine/Plugins/Animation/ControlRig/Content/Controls/ControlRig_RoundedTriangle_1mm.ubulk" 276
"../../../Engine/Plugins/Animation/ControlRig/Content/Controls/ControlRig_RoundedTriangle_1mm.uasset" 277
"../../../Engine/Plugins/Animation/ControlRig/Content/Controls/ControlRig_RoundedTriangle_1mm.uexp" 278
"../../../Engine/Content/EngineMaterials/DefaultDeferredDecalMaterial.uasset" 279
"../../../Engine/Content/EngineMaterials/DefaultDeferredDecalMaterial.uexp" 280
"../../../Engine/Content/EngineMaterials/DefaultMaterial.uasset" 281
"../../../Engine/Content/EngineMaterials/DefaultMaterial.uexp" 282
"../../../Engine/Content/EngineMeshes/Cylinder.ubulk" 283
"../../../Engine/Content/EngineMeshes/Cylinder.uasset" 284
"../../../Engine/Content/EngineMeshes/Cylinder.uexp" 285
"../../../Engine/Plugins/Animation/ControlRig/Content/Controls/ControlRig_RoundedTriangle_3mm.ubulk" 286
"../../../Engine/Plugins/Animation/ControlRig/Content/Controls/ControlRig_RoundedTriangle_3mm.uasset" 287
"../../../Engine/Plugins/Animation/ControlRig/Content/Controls/ControlRig_RoundedTriangle_3mm.uexp" 288
"../../../Engine/Plugins/Animation/ControlRig/Content/Controls/ControlRig_RoundedTriangle_solid.ubulk" 289
"../../../Engine/Plugins/Animation/ControlRig/Content/Controls/ControlRig_RoundedTriangle_solid.uasset" 290
"../../../Engine/Plugins/Animation/ControlRig/Content/Controls/ControlRig_RoundedTriangle_solid.uexp" 291
"../../../Engine/Plugins/Animation/ControlRig/Content/Controls/ControlRig_Sphere_1mm.ubulk" 292
"../../../Engine/Plugins/Animation/ControlRig/Content/Controls/ControlRig_Sphere_1mm.uasset" 293
"../../../Engine/Plugins/Animation/ControlRig/Content/Controls/ControlRig_Sphere_1mm.uexp" 294
"../../../Engine/Plugins/Animation/ControlRig/Content/Controls/ControlRig_Sphere_3mm.ubulk" 295
"../../../Engine/Plugins/Animation/ControlRig/Content/Controls/ControlRig_Sphere_3mm.uasset" 296
"../../../Engine/Plugins/Animation/ControlRig/Content/Controls/ControlRig_Sphere_3mm.uexp" 297
"../../../Engine/Plugins/Animation/ControlRig/Content/Controls/ControlRig_Sphere_solid.ubulk" 298
"../../../Engine/Plugins/Animation/ControlRig/Content/Controls/ControlRig_Sphere_solid.uasset" 299
"../../../Engine/Plugins/Animation/ControlRig/Content/Controls/ControlRig_Sphere_solid.uexp" 300
"../../../Engine/Plugins/Animation/ControlRig/Content/Controls/ControlRig_Square_1mm.ubulk" 301
"../../../Engine/Plugins/Animation/ControlRig/Content/Controls/ControlRig_Square_1mm.uasset" 302
"../../../Engine/Plugins/Animation/ControlRig/Content/Controls/ControlRig_Square_1mm.uexp" 303
"../../../Engine/Content/EngineMeshes/Sphere.ubulk" 304
"../../../Engine/Content/EngineMeshes/Sphere.uasset" 305
"../../../Engine/Content/EngineMeshes/Sphere.uexp" 306
"../../../Engine/Content/EditorLandscapeResources/SelectBrushMaterial_SelectedRegion.uasset" 307
"../../../Engine/Content/EditorLandscapeResources/SelectBrushMaterial_SelectedRegion.uexp" 308
"../../../Engine/Content/EditorLandscapeResources/SplineEditorMeshMat.uasset" 309
"../../../Engine/Content/EditorLandscapeResources/SplineEditorMeshMat.uexp" 310
"../../../Engine/Content/EditorLandscapeResources/SplineEditorMesh.ubulk" 311
"../../../Engine/Content/EditorLandscapeResources/SplineEditorMesh.uasset" 312
"../../../Engine/Content/EditorLandscapeResources/SplineEditorMesh.uexp" 313
"../../../Engine/Plugins/Animation/ControlRig/Content/Controls/ControlRig_Square_3mm.ubulk" 314
"../../../Engine/Plugins/Animation/ControlRig/Content/Controls/ControlRig_Square_3mm.uasset" 315
"../../../Engine/Plugins/Animation/ControlRig/Content/Controls/ControlRig_Square_3mm.uexp" 316
"../../../Engine/Content/EngineDamageTypes/DmgTypeBP_Environmental.uasset" 317
"../../../Engine/Content/EngineDamageTypes/DmgTypeBP_Environmental.uexp" 318
"../../../Engine/Plugins/Animation/ControlRig/Content/Controls/ControlRig_Square_solid.ubulk" 319
"../../../Engine/Plugins/Animation/ControlRig/Content/Controls/ControlRig_Square_solid.uasset" 320
"../../../Engine/Plugins/Animation/ControlRig/Content/Controls/ControlRig_Square_solid.uexp" 321
"../../../Engine/Plugins/Animation/ControlRig/Content/Controls/ControlRig_Star4_1mm.ubulk" 322
"../../../Engine/Plugins/Animation/ControlRig/Content/Controls/ControlRig_Star4_1mm.uasset" 323
"../../../Engine/Plugins/Animation/ControlRig/Content/Controls/ControlRig_Star4_1mm.uexp" 324
"../../../Engine/Plugins/Interchange/Assets/Content/Functions/MX_DielectricBSDF.uasset" 325
"../../../Engine/Plugins/Interchange/Assets/Content/Functions/MX_DielectricBSDF.uexp" 326
"../../../Engine/Plugins/Animation/ControlRig/Content/Controls/ControlRig_Star4_3mm.ubulk" 327
"../../../Engine/Plugins/Animation/ControlRig/Content/Controls/ControlRig_Star4_3mm.uasset" 328
"../../../Engine/Plugins/Animation/ControlRig/Content/Controls/ControlRig_Star4_3mm.uexp" 329
"../../../Engine/Plugins/Interchange/Assets/Content/Functions/MX_Displacement.uasset" 330
"../../../Engine/Plugins/Interchange/Assets/Content/Functions/MX_Displacement.uexp" 331
"../../../Engine/Content/EngineResources/Black.uasset" 332
"../../../Engine/Content/EngineResources/Black.uexp" 333
"../../../Engine/Plugins/Animation/ControlRig/Content/Controls/ControlRig_Star4_solid.ubulk" 334
"../../../Engine/Plugins/Animation/ControlRig/Content/Controls/ControlRig_Star4_solid.uasset" 335
"../../../Engine/Plugins/Animation/ControlRig/Content/Controls/ControlRig_Star4_solid.uexp" 336
"../../../Engine/Plugins/Interchange/Assets/Content/Functions/MX_GeneralizedSchlickBSDF.uasset" 337
"../../../Engine/Plugins/Interchange/Assets/Content/Functions/MX_GeneralizedSchlickBSDF.uexp" 338
"../../../Engine/Plugins/Animation/ControlRig/Content/Controls/ControlRig_Triangle_1mm.ubulk" 339
"../../../Engine/Plugins/Animation/ControlRig/Content/Controls/ControlRig_Triangle_1mm.uasset" 340
"../../../Engine/Plugins/Animation/ControlRig/Content/Controls/ControlRig_Triangle_1mm.uexp" 341
"../../../Engine/Plugins/Animation/ControlRig/Content/Controls/ControlRig_Triangle_3mm.ubulk" 342
"../../../Engine/Plugins/Animation/ControlRig/Content/Controls/ControlRig_Triangle_3mm.uasset" 343
"../../../Engine/Plugins/Animation/ControlRig/Content/Controls/ControlRig_Triangle_3mm.uexp" 344
"../../../Engine/Content/EngineResources/DefaultTextureCube.uasset" 345
"../../../Engine/Content/EngineResources/DefaultTextureCube.uexp" 346
"../../../Engine/Plugins/Animation/ControlRig/Content/Controls/ControlRig_Triangle_solid.ubulk" 347
"../../../Engine/Plugins/Animation/ControlRig/Content/Controls/ControlRig_Triangle_solid.uasset" 348
"../../../Engine/Plugins/Animation/ControlRig/Content/Controls/ControlRig_Triangle_solid.uexp" 349
"../../../Engine/Plugins/Interchange/Assets/Content/Functions/MX_MeasuredEDF.uasset" 350
"../../../Engine/Plugins/Interchange/Assets/Content/Functions/MX_MeasuredEDF.uexp" 351
"../../../Engine/Plugins/Animation/ControlRig/Content/Controls/ControlRig_Wedge_1mm.ubulk" 352
"../../../Engine/Plugins/Animation/ControlRig/Content/Controls/ControlRig_Wedge_1mm.uasset" 353
"../../../Engine/Plugins/Animation/ControlRig/Content/Controls/ControlRig_Wedge_1mm.uexp" 354
"../../../Engine/Plugins/Interchange/Assets/Content/Functions/MF_IridescenceNoLUT.uasset" 355
"../../../Engine/Plugins/Interchange/Assets/Content/Functions/MF_IridescenceNoLUT.uexp" 356
"../../../Engine/Plugins/Interchange/Assets/Content/Functions/MX_StandardSurface.uasset" 357
"../../../Engine/Plugins/Interchange/Assets/Content/Functions/MX_StandardSurface.uexp" 358
"../../../Engine/Plugins/Interchange/Assets/Content/Functions/MX_OpenPBR_Opaque.uasset" 359
"../../../Engine/Plugins/Interchange/Assets/Content/Functions/MX_OpenPBR_Opaque.uexp" 360
"../../../Engine/Plugins/Animation/ControlRig/Content/Controls/ControlRig_Wedge_3mm.ubulk" 361
"../../../Engine/Plugins/Animation/ControlRig/Content/Controls/ControlRig_Wedge_3mm.uasset" 362
"../../../Engine/Plugins/Animation/ControlRig/Content/Controls/ControlRig_Wedge_3mm.uexp" 363
"../../../Engine/Plugins/Interchange/Assets/Content/Functions/MX_TransmissionSurface.uasset" 364
"../../../Engine/Plugins/Interchange/Assets/Content/Functions/MX_TransmissionSurface.uexp" 365
"../../../Engine/Plugins/Interchange/Assets/Content/Functions/MX_OpenPBR_Translucent.uasset" 366
"../../../Engine/Plugins/Interchange/Assets/Content/Functions/MX_OpenPBR_Translucent.uexp" 367
"../../../Engine/Content/EngineDebugMaterials/DebugEditorMaterial.uasset" 368
"../../../Engine/Content/EngineDebugMaterials/DebugEditorMaterial.uexp" 369
"../../../Engine/Content/EngineDebugMaterials/DebugMeshMaterial.uasset" 370
"../../../Engine/Content/EngineDebugMaterials/DebugMeshMaterial.uexp" 371
"../../../Engine/Plugins/Animation/ControlRig/Content/Controls/ControlRig_Wedge_solid.ubulk" 372
"../../../Engine/Plugins/Animation/ControlRig/Content/Controls/ControlRig_Wedge_solid.uasset" 373
"../../../Engine/Plugins/Animation/ControlRig/Content/Controls/ControlRig_Wedge_solid.uexp" 374
"../../../Engine/Content/EngineResources/GradientTexture0.uasset" 375
"../../../Engine/Content/EngineResources/GradientTexture0.uexp" 376
"../../../Engine/Plugins/Interchange/Assets/Content/Functions/MX_OrenNayarBSDF.uasset" 377
"../../../Engine/Plugins/Interchange/Assets/Content/Functions/MX_OrenNayarBSDF.uexp" 378
"../../../Engine/Content/EngineMaterials/DefaultLightFunctionMaterial.uasset" 379
"../../../Engine/Content/EngineMaterials/DefaultLightFunctionMaterial.uexp" 380
"../../../Engine/Content/EngineResources/LandscapeVisibilityLayerInfo.uasset" 381
"../../../Engine/Content/EngineResources/LandscapeVisibilityLayerInfo.uexp" 382
"../../../Engine/Plugins/Interchange/Assets/Content/Functions/MX_SheenBSDF.uasset" 383
"../../../Engine/Plugins/Interchange/Assets/Content/Functions/MX_SheenBSDF.uexp" 384
"../../../Engine/Plugins/Editor/SpeedTreeImporter/Content/SpeedTree9/SpeedTreeCameraFacing.uasset" 385
"../../../Engine/Plugins/Editor/SpeedTreeImporter/Content/SpeedTree9/SpeedTreeCameraFacing.uexp" 386
"../../../Engine/Plugins/Editor/SpeedTreeImporter/Content/SpeedTree9/SpeedTreeMaster.uasset" 387
"../../../Engine/Plugins/Editor/SpeedTreeImporter/Content/SpeedTree9/SpeedTreeMaster.uexp" 388
"../../../Engine/Plugins/Interchange/Assets/Content/Functions/MX_SubsurfaceBSDF.uasset" 389
"../../../Engine/Plugins/Interchange/Assets/Content/Functions/MX_SubsurfaceBSDF.uexp" 390
"../../../Engine/Plugins/Interchange/Assets/Content/Functions/MX_Surface.uasset" 391
"../../../Engine/Plugins/Interchange/Assets/Content/Functions/MX_Surface.uexp" 392
"../../../Engine/Plugins/Interchange/Runtime/Content/Pipelines/DefaultAssetsPipeline.uasset" 393
"../../../Engine/Plugins/Interchange/Runtime/Content/Pipelines/DefaultAssetsPipeline.uexp" 394
"../../../Engine/Plugins/Interchange/Assets/Content/Functions/MX_SurfaceUnlit.uasset" 395
"../../../Engine/Plugins/Interchange/Assets/Content/Functions/MX_SurfaceUnlit.uexp" 396
"../../../Engine/Plugins/Interchange/Runtime/Content/Pipelines/DefaultAudioPipeline.uasset" 397
"../../../Engine/Plugins/Interchange/Runtime/Content/Pipelines/DefaultAudioPipeline.uexp" 398
"../../../Engine/Plugins/Interchange/Runtime/Content/Pipelines/DefaultGLTFAssetsPipeline.uasset" 399
"../../../Engine/Plugins/Interchange/Runtime/Content/Pipelines/DefaultGLTFAssetsPipeline.uexp" 400
"../../../Engine/Plugins/Interchange/Runtime/Content/Pipelines/DefaultGLTFPipeline.uasset" 401
"../../../Engine/Plugins/Interchange/Runtime/Content/Pipelines/DefaultGLTFPipeline.uexp" 402
"../../../Engine/Plugins/Interchange/Runtime/Content/Pipelines/DefaultGLTFSceneAssetsPipeline.uasset" 403
"../../../Engine/Plugins/Interchange/Runtime/Content/Pipelines/DefaultGLTFSceneAssetsPipeline.uexp" 404
"../../../Engine/Plugins/Interchange/Runtime/Content/Pipelines/DefaultMaterialPipeline.uasset" 405
"../../../Engine/Plugins/Interchange/Runtime/Content/Pipelines/DefaultMaterialPipeline.uexp" 406
"../../../Engine/Plugins/Interchange/Runtime/Content/Pipelines/DefaultMaterialXPipeline.uasset" 407
"../../../Engine/Plugins/Interchange/Runtime/Content/Pipelines/DefaultMaterialXPipeline.uexp" 408
"../../../Engine/Plugins/Interchange/Runtime/Content/Pipelines/DefaultSceneAssetsPipeline.uasset" 409
"../../../Engine/Plugins/Interchange/Runtime/Content/Pipelines/DefaultSceneAssetsPipeline.uexp" 410
"../../../Engine/Plugins/Interchange/Runtime/Content/Pipelines/DefaultSceneLevelPipeline.uasset" 411
"../../../Engine/Plugins/Interchange/Runtime/Content/Pipelines/DefaultSceneLevelPipeline.uexp" 412
"../../../Engine/Plugins/Interchange/Runtime/Content/Pipelines/DefaultTexturePipeline.uasset" 413
"../../../Engine/Plugins/Interchange/Runtime/Content/Pipelines/DefaultTexturePipeline.uexp" 414
"../../../Engine/Plugins/Interchange/Assets/Content/Functions/MX_TranslucentBSDF.uasset" 415
"../../../Engine/Plugins/Interchange/Assets/Content/Functions/MX_TranslucentBSDF.uexp" 416
"../../../Engine/Content/Functions/Engine_MaterialFunctions02/Math/Transform3x3Matrix.uasset" 417
"../../../Engine/Content/Functions/Engine_MaterialFunctions02/Math/Transform3x3Matrix.uexp" 418
"../../../Engine/Content/Functions/Engine_MaterialFunctions02/SplitComponents.uasset" 419
"../../../Engine/Content/Functions/Engine_MaterialFunctions02/SplitComponents.uexp" 420
"../../../Engine/Content/VREditor/SnapGrid/SnapGridMaterial.uasset" 421
"../../../Engine/Content/VREditor/SnapGrid/SnapGridMaterial.uexp" 422
"../../../Engine/Content/VREditor/SnapGrid/SnapGridPlaneMesh.ubulk" 423
"../../../Engine/Content/VREditor/SnapGrid/SnapGridPlaneMesh.uasset" 424
"../../../Engine/Content/VREditor/SnapGrid/SnapGridPlaneMesh.uexp" 425
"../../../Engine/Content/VREditor/LaserPointer/VR_LaserPower_01.ubulk" 426
"../../../Engine/Content/VREditor/LaserPointer/VR_LaserPower_01.uasset" 427
"../../../Engine/Content/VREditor/LaserPointer/VR_LaserPower_01.uexp" 428
"../../../Engine/Content/VREditor/TransformGizmo/TransformGizmoMaterial.uasset" 429
"../../../Engine/Content/VREditor/TransformGizmo/TransformGizmoMaterial.uexp" 430
"../../../Engine/Content/VREditor/TransformGizmo/TranslucentTransformGizmoMaterial.uasset" 431
"../../../Engine/Content/VREditor/TransformGizmo/TranslucentTransformGizmoMaterial.uexp" 432
"../../../Engine/Content/VREditor/TransformGizmo/PlaneTranslationHandle.ubulk" 433
"../../../Engine/Content/VREditor/TransformGizmo/PlaneTranslationHandle.uasset" 434
"../../../Engine/Content/VREditor/TransformGizmo/PlaneTranslationHandle.uexp" 435
"../../../Engine/Content/VREditor/TransformGizmo/RotationHandleFull.ubulk" 436
"../../../Engine/Content/VREditor/TransformGizmo/RotationHandleFull.uasset" 437
"../../../Engine/Content/VREditor/TransformGizmo/RotationHandleFull.uexp" 438
"../../../Engine/Content/VREditor/TransformGizmo/RotationHandleIndicator.ubulk" 439
"../../../Engine/Content/VREditor/TransformGizmo/RotationHandleIndicator.uasset" 440
"../../../Engine/Content/VREditor/TransformGizmo/RotationHandleIndicator.uexp" 441
"../../../Engine/Content/VREditor/TransformGizmo/RotationHandleQuarter.ubulk" 442
"../../../Engine/Content/VREditor/TransformGizmo/RotationHandleQuarter.uasset" 443
"../../../Engine/Content/VREditor/TransformGizmo/RotationHandleQuarter.uexp" 444
"../../../Engine/Content/VREditor/TransformGizmo/StartRotationHandleIndicator.ubulk" 445
"../../../Engine/Content/VREditor/TransformGizmo/StartRotationHandleIndicator.uasset" 446
"../../../Engine/Content/VREditor/TransformGizmo/StartRotationHandleIndicator.uexp" 447
"../../../Engine/Content/VREditor/TransformGizmo/TranslucentTransformGizmoMaterial_Inst.uasset" 448
"../../../Engine/Content/VREditor/TransformGizmo/TranslucentTransformGizmoMaterial_Inst.uexp" 449
"../../../Engine/Content/VREditor/TransformGizmo/TransformGizmoFreeRotation.ubulk" 450
"../../../Engine/Content/VREditor/TransformGizmo/TransformGizmoFreeRotation.uasset" 451
"../../../Engine/Content/VREditor/TransformGizmo/TransformGizmoFreeRotation.uexp" 452
"../../../Engine/Content/VREditor/TransformGizmo/TransformGizmoMaterial_Inst.uasset" 453
"../../../Engine/Content/VREditor/TransformGizmo/TransformGizmoMaterial_Inst.uexp" 454
"../../../Engine/Content/VREditor/TransformGizmo/TranslateArrowHandle.ubulk" 455
"../../../Engine/Content/VREditor/TransformGizmo/TranslateArrowHandle.uasset" 456
"../../../Engine/Content/VREditor/TransformGizmo/TranslateArrowHandle.uexp" 457
"../../../Engine/Content/VREditor/TransformGizmo/UniformScaleHandle.ubulk" 458
"../../../Engine/Content/VREditor/TransformGizmo/UniformScaleHandle.uasset" 459
"../../../Engine/Content/VREditor/TransformGizmo/UniformScaleHandle.uexp" 460
"../../../Engine/Content/VREditor/Sounds/UI/Drop_Item_From_ContentBrowser.ubulk" 461
"../../../Engine/Content/VREditor/Sounds/UI/Drop_Item_From_ContentBrowser.uasset" 462
"../../../Engine/Content/VREditor/Sounds/UI/Drop_Item_From_ContentBrowser.uexp" 463
"../../../Engine/Content/VREditor/Sounds/UI/Gizmo_Handle_Clicked.ubulk" 464
"../../../Engine/Content/VREditor/Sounds/UI/Gizmo_Handle_Clicked.uasset" 465
"../../../Engine/Content/VREditor/Sounds/UI/Gizmo_Handle_Clicked.uexp" 466
"../../../Engine/Content/VREditor/Sounds/UI/Object_PickUp.ubulk" 467
"../../../Engine/Content/VREditor/Sounds/UI/Object_PickUp.uasset" 468
"../../../Engine/Content/VREditor/Sounds/UI/Object_PickUp.uexp" 469
"../../../Engine/Content/VREditor/Sounds/UI/Object_Snaps_To_Another_Actor.ubulk" 470
"../../../Engine/Content/VREditor/Sounds/UI/Object_Snaps_To_Another_Actor.uasset" 471
"../../../Engine/Content/VREditor/Sounds/UI/Object_Snaps_To_Another_Actor.uexp" 472
"../../../Engine/Content/VREditor/Sounds/UI/Object_Snaps_To_Grid.ubulk" 473
"../../../Engine/Content/VREditor/Sounds/UI/Object_Snaps_To_Grid.uasset" 474
"../../../Engine/Content/VREditor/Sounds/UI/Object_Snaps_To_Grid.uexp" 475
"../../../Engine/Content/VREditor/Sounds/UI/Scaling_Down.ubulk" 476
"../../../Engine/Content/VREditor/Sounds/UI/Scaling_Down.uasset" 477
"../../../Engine/Content/VREditor/Sounds/UI/Scaling_Down.uexp" 478
"../../../Engine/Content/VREditor/Sounds/UI/Scaling_Up.ubulk" 479
"../../../Engine/Content/VREditor/Sounds/UI/Scaling_Up.uasset" 480
"../../../Engine/Content/VREditor/Sounds/UI/Scaling_Up.uexp" 481
"../../../Engine/Content/VREditor/Sounds/UI/Selection_Changes.ubulk" 482
"../../../Engine/Content/VREditor/Sounds/UI/Selection_Changes.uasset" 483
"../../../Engine/Content/VREditor/Sounds/UI/Selection_Changes.uexp" 484
"../../../Engine/Plugins/Interchange/Assets/Content/Functions/MX_UniformEDF.uasset" 485
"../../../Engine/Plugins/Interchange/Assets/Content/Functions/MX_UniformEDF.uexp" 486
"../../../Engine/Plugins/Interchange/Assets/Content/Functions/MX_UsdPreviewSurface.uasset" 487
"../../../Engine/Plugins/Interchange/Assets/Content/Functions/MX_UsdPreviewSurface.uexp" 488
"../../../Engine/Plugins/Animation/ControlRig/Content/Controls/ControlRigGizmoMaterial.uasset" 489
"../../../Engine/Plugins/Animation/ControlRig/Content/Controls/ControlRigGizmoMaterial.uexp" 490
"../../../Engine/Plugins/Animation/ControlRig/Content/Controls/ControlRigXRayMaterial.uasset" 491
"../../../Engine/Plugins/Animation/ControlRig/Content/Controls/ControlRigXRayMaterial.uexp" 492
"../../../Engine/Content/EngineDebugMaterials/M_SimpleUnlitTranslucent.uasset" 493
"../../../Engine/Content/EngineDebugMaterials/M_SimpleUnlitTranslucent.uexp" 494
"../../../Engine/Content/EngineDebugMaterials/VolumeToRender.uasset" 495
"../../../Engine/Content/EngineDebugMaterials/VolumeToRender.uexp" 496
"../../../Engine/Content/EngineDebugMaterials/M_VolumeRenderSphereTracePP.uasset" 497
"../../../Engine/Content/EngineDebugMaterials/M_VolumeRenderSphereTracePP.uexp" 498
"../../../Engine/Content/EngineSky/M_SimpleSkyDome.uasset" 499
"../../../Engine/Content/EngineSky/M_SimpleSkyDome.uexp" 500
"../../../Engine/Plugins/Animation/ControlRig/Content/Controls/ControlRig_Arrow2_1mm.ubulk" 501
"../../../Engine/Plugins/Animation/ControlRig/Content/Controls/ControlRig_Arrow2_1mm.uasset" 502
"../../../Engine/Plugins/Animation/ControlRig/Content/Controls/ControlRig_Arrow2_1mm.uexp" 503
"../../../Engine/Plugins/Animation/ControlRig/Content/Controls/ControlRig_Arrow2_3mm.ubulk" 504
"../../../Engine/Plugins/Animation/ControlRig/Content/Controls/ControlRig_Arrow2_3mm.uasset" 505
"../../../Engine/Plugins/Animation/ControlRig/Content/Controls/ControlRig_Arrow2_3mm.uexp" 506
"../../../Engine/Plugins/Animation/ControlRig/Content/Controls/ControlRig_Arrow2_solid.ubulk" 507
"../../../Engine/Plugins/Animation/ControlRig/Content/Controls/ControlRig_Arrow2_solid.uasset" 508
"../../../Engine/Plugins/Animation/ControlRig/Content/Controls/ControlRig_Arrow2_solid.uexp" 509
"../../../Engine/Content/BasicShapes/Cube.ubulk" 510
"../../../Engine/Content/BasicShapes/Cube.uasset" 511
"../../../Engine/Content/BasicShapes/Cube.uexp" 512
"../../../Engine/Content/TemplateResources/M_Template_Master.uasset" 513
"../../../Engine/Content/TemplateResources/M_Template_Master.uexp" 514
"../../../Engine/Content/TemplateResources/MI_Template_BaseOrange_Metal.uasset" 515
"../../../Engine/Content/TemplateResources/MI_Template_BaseOrange_Metal.uexp" 516
"D:/Github/CarGame/Content/Yigit/BP_Flag.uasset" 517
"D:/Github/CarGame/Content/Yigit/BP_Flag.uexp" 518
"D:/Github/CarGame/Content/Yigit/BP_RaceCheckpoint.uasset" 519
"D:/Github/CarGame/Content/Yigit/BP_RaceCheckpoint.uexp" 520
"../../../Engine/Plugins/Animation/ControlRig/Content/Controls/ControlRig_Arrow4_1mm.ubulk" 521
"../../../Engine/Plugins/Animation/ControlRig/Content/Controls/ControlRig_Arrow4_1mm.uasset" 522
"../../../Engine/Plugins/Animation/ControlRig/Content/Controls/ControlRig_Arrow4_1mm.uexp" 523
"../../../Engine/Plugins/Animation/ControlRig/Content/Controls/ControlRig_Arrow4_3mm.ubulk" 524
"../../../Engine/Plugins/Animation/ControlRig/Content/Controls/ControlRig_Arrow4_3mm.uasset" 525
"../../../Engine/Plugins/Animation/ControlRig/Content/Controls/ControlRig_Arrow4_3mm.uexp" 526
"D:/Github/CarGame/Content/Yigit/WBP_Race.uasset" 527
"D:/Github/CarGame/Content/Yigit/WBP_Race.uexp" 528
"D:/Github/CarGame/Content/Yigit/BP_RaceManager.uasset" 529
"D:/Github/CarGame/Content/Yigit/BP_RaceManager.uexp" 530
"../../../Engine/Plugins/Animation/ControlRig/Content/Controls/ControlRig_Arrow4_solid.ubulk" 531
"../../../Engine/Plugins/Animation/ControlRig/Content/Controls/ControlRig_Arrow4_solid.uasset" 532
"../../../Engine/Plugins/Animation/ControlRig/Content/Controls/ControlRig_Arrow4_solid.uexp" 533
"../../../Engine/Plugins/Animation/ControlRig/Content/Controls/ControlRig_Arrow_1mm.ubulk" 534
"../../../Engine/Plugins/Animation/ControlRig/Content/Controls/ControlRig_Arrow_1mm.uasset" 535
"../../../Engine/Plugins/Animation/ControlRig/Content/Controls/ControlRig_Arrow_1mm.uexp" 536
"../../../Engine/Plugins/Animation/ControlRig/Content/Controls/ControlRig_Arrow_3mm.ubulk" 537
"../../../Engine/Plugins/Animation/ControlRig/Content/Controls/ControlRig_Arrow_3mm.uasset" 538
"../../../Engine/Plugins/Animation/ControlRig/Content/Controls/ControlRig_Arrow_3mm.uexp" 539
"../../../Engine/Plugins/NNE/NNEDenoiser/Content/NNEDIM_HighQuality_Default.uasset" 540
"../../../Engine/Plugins/NNE/NNEDenoiser/Content/NNEDIM_HighQuality_Default.uexp" 541
"../../../Engine/Plugins/NNE/NNEDenoiser/Content/NNEDIM_HighQuality_Alpha.uasset" 542
"../../../Engine/Plugins/NNE/NNEDenoiser/Content/NNEDIM_HighQuality_Alpha.uexp" 543
"../../../Engine/Plugins/NNE/NNEDenoiser/Content/NNEDIM_ColorAlbedoNormal_Default.uasset" 544
"../../../Engine/Plugins/NNE/NNEDenoiser/Content/NNEDIM_ColorAlbedoNormal_Default.uexp" 545
"../../../Engine/Plugins/NNE/NNEDenoiser/Content/NNEDIM_ColorAlbedoNormal_Alpha.uasset" 546
"../../../Engine/Plugins/NNE/NNEDenoiser/Content/NNEDIM_ColorAlbedoNormal_Alpha.uexp" 547
"../../../Engine/Plugins/Animation/ControlRig/Content/Controls/ControlRig_Arrow_solid.ubulk" 548
"../../../Engine/Plugins/Animation/ControlRig/Content/Controls/ControlRig_Arrow_solid.uasset" 549
"../../../Engine/Plugins/Animation/ControlRig/Content/Controls/ControlRig_Arrow_solid.uexp" 550
"../../../Engine/Plugins/Animation/ControlRig/Content/Controls/ControlRig_Box_1mm.ubulk" 551
"../../../Engine/Plugins/Animation/ControlRig/Content/Controls/ControlRig_Box_1mm.uasset" 552
"../../../Engine/Plugins/Animation/ControlRig/Content/Controls/ControlRig_Box_1mm.uexp" 553
"../../../Engine/Plugins/Animation/ControlRig/Content/Controls/ControlRig_Box_3mm.ubulk" 554
"../../../Engine/Plugins/Animation/ControlRig/Content/Controls/ControlRig_Box_3mm.uasset" 555
"../../../Engine/Plugins/Animation/ControlRig/Content/Controls/ControlRig_Box_3mm.uexp" 556
"../../../Engine/Plugins/Media/MediaPlate/Content/SM_MediaPlateScreen.ubulk" 557
"../../../Engine/Plugins/Media/MediaPlate/Content/SM_MediaPlateScreen.uasset" 558
"../../../Engine/Plugins/Media/MediaPlate/Content/SM_MediaPlateScreen.uexp" 559
"../../../Engine/Plugins/Animation/ControlRig/Content/Controls/ControlRig_Box_solid.ubulk" 560
"../../../Engine/Plugins/Animation/ControlRig/Content/Controls/ControlRig_Box_solid.uasset" 561
"../../../Engine/Plugins/Animation/ControlRig/Content/Controls/ControlRig_Box_solid.uexp" 562
"../../../Engine/Plugins/Animation/ControlRig/Content/Controls/ControlRig_Circle_1mm.ubulk" 563
"../../../Engine/Plugins/Animation/ControlRig/Content/Controls/ControlRig_Circle_1mm.uasset" 564
"../../../Engine/Plugins/Animation/ControlRig/Content/Controls/ControlRig_Circle_1mm.uexp" 565
"../../../Engine/Plugins/Animation/ControlRig/Content/Controls/ControlRig_Circle_3mm.ubulk" 566
"../../../Engine/Plugins/Animation/ControlRig/Content/Controls/ControlRig_Circle_3mm.uasset" 567
"../../../Engine/Plugins/Animation/ControlRig/Content/Controls/ControlRig_Circle_3mm.uexp" 568
"../../../Engine/Content/EditorResources/BSPVertex.uasset" 569
"../../../Engine/Content/EditorResources/BSPVertex.uexp" 570
"../../../Engine/Plugins/Interchange/Assets/Content/Substrate/MX_SimpleVolume.uasset" 571
"../../../Engine/Plugins/Interchange/Assets/Content/Substrate/MX_SimpleVolume.uexp" 572
"../../../Engine/Plugins/Runtime/HairStrands/Content/Materials/HairCardsDefaultMaterial.uasset" 573
"../../../Engine/Plugins/Runtime/HairStrands/Content/Materials/HairCardsDefaultMaterial.uexp" 574
"../../../Engine/Content/Functions/Engine_MaterialFunctions02/Utility/MakeFloat2.uasset" 575
"../../../Engine/Content/Functions/Engine_MaterialFunctions02/Utility/MakeFloat2.uexp" 576
"../../../Engine/Content/EngineMaterials/HairColorMap.uasset" 577
"../../../Engine/Content/EngineMaterials/HairColorMap.uexp" 578
"../../../Engine/Content/EngineMaterials/HairDebugColor.uasset" 579
"../../../Engine/Content/EngineMaterials/HairDebugColor.uexp" 580
"../../../Engine/Plugins/Runtime/HairStrands/Content/Materials/HairGroupColors.uasset" 581
"../../../Engine/Plugins/Runtime/HairStrands/Content/Materials/HairGroupColors.uexp" 582
"../../../Engine/Plugins/Runtime/HairStrands/Content/Materials/HairDebugMaterial.uasset" 583
"../../../Engine/Plugins/Runtime/HairStrands/Content/Materials/HairDebugMaterial.uexp" 584
"../../../Engine/Plugins/Runtime/HairStrands/Content/Materials/HairDefaultMaterial.uasset" 585
"../../../Engine/Plugins/Runtime/HairStrands/Content/Materials/HairDefaultMaterial.uexp" 586
"../../../Engine/Plugins/Runtime/HairStrands/Content/Materials/HairMeshesDefaultMaterial.uasset" 587
"../../../Engine/Plugins/Runtime/HairStrands/Content/Materials/HairMeshesDefaultMaterial.uexp" 588
"../../../Engine/Content/EngineMaterials/DefaultPostProcessMaterial.uasset" 589
"../../../Engine/Content/EngineMaterials/DefaultPostProcessMaterial.uexp" 590
"../../../Engine/Content/EngineFonts/RobotoDistanceField.uasset" 591
"../../../Engine/Content/EngineFonts/RobotoDistanceField.uexp" 592
"../../../Engine/Content/EngineMaterials/DefaultTextMaterialOpaque.uasset" 593
"../../../Engine/Content/EngineMaterials/DefaultTextMaterialOpaque.uexp" 594
"../../../Engine/Content/EngineMaterials/DefaultWhiteGrid.ubulk" 595
"../../../Engine/Content/EngineMaterials/DefaultWhiteGrid.uasset" 596
"../../../Engine/Content/EngineMaterials/DefaultWhiteGrid.uexp" 597
"../../../Engine/Content/EngineMaterials/DefaultWhiteGrid_Low.uasset" 598
"../../../Engine/Content/EngineMaterials/DefaultWhiteGrid_Low.uexp" 599
"../../../Engine/Content/EngineMaterials/EmissiveMeshMaterial.uasset" 600
"../../../Engine/Content/EngineMaterials/EmissiveMeshMaterial.uexp" 601
"../../../Engine/Content/Functions/Engine_MaterialFunctions02/WorldPositionOffset/CameraOffset.uasset" 602
"../../../Engine/Content/Functions/Engine_MaterialFunctions02/WorldPositionOffset/CameraOffset.uexp" 603
"../../../Engine/Plugins/Animation/ControlRig/Content/M_Manip.uasset" 604
"../../../Engine/Plugins/Animation/ControlRig/Content/M_Manip.uexp" 605
"../../../Engine/Plugins/2D/Paper2D/Content/DefaultSpriteMaterial.uasset" 606
"../../../Engine/Plugins/2D/Paper2D/Content/DefaultSpriteMaterial.uexp" 607
"../../../Engine/Plugins/2D/Paper2D/Content/OpaqueUnlitSpriteMaterial.uasset" 608
"../../../Engine/Plugins/2D/Paper2D/Content/OpaqueUnlitSpriteMaterial.uexp" 609
"../../../Engine/Plugins/2D/Paper2D/Content/MaskedUnlitSpriteMaterial.uasset" 610
"../../../Engine/Plugins/2D/Paper2D/Content/MaskedUnlitSpriteMaterial.uexp" 611
"../../../Engine/Plugins/Animation/DeformerGraph/Content/DeformerFunctions/DG_Function_LinearBlendSkin_Morph_Cloth.uasset" 612
"../../../Engine/Plugins/Animation/DeformerGraph/Content/DeformerFunctions/DG_Function_LinearBlendSkin_Morph_Cloth.uexp" 613
"../../../Engine/Plugins/Animation/DeformerGraph/Content/Deformers/DG_LinearBlendSkin_Morph_Cloth.uasset" 614
"../../../Engine/Plugins/Animation/DeformerGraph/Content/Deformers/DG_LinearBlendSkin_Morph_Cloth.uexp" 615
"../../../Engine/Plugins/Animation/DeformerGraph/Content/DeformerFunctions/DG_Function_ComputeNormalsTangents.uasset" 616
"../../../Engine/Plugins/Animation/DeformerGraph/Content/DeformerFunctions/DG_Function_ComputeNormalsTangents.uexp" 617
"../../../Engine/Plugins/Animation/DeformerGraph/Content/DeformerFunctions/DG_Function_LinearBlendSkin_Morph_Cloth_PositionOnly.uasset" 618
"../../../Engine/Plugins/Animation/DeformerGraph/Content/DeformerFunctions/DG_Function_LinearBlendSkin_Morph_Cloth_PositionOnly.uexp" 619
"../../../Engine/Plugins/Animation/DeformerGraph/Content/Deformers/DG_LinearBlendSkin_Morph_Cloth_RecomputeNormals.uasset" 620
"../../../Engine/Plugins/Animation/DeformerGraph/Content/Deformers/DG_LinearBlendSkin_Morph_Cloth_RecomputeNormals.uexp" 621
"D:/Github/CarGame/Content/Orkun/062791_car-engine-idle-2-82133.ubulk" 622
"D:/Github/CarGame/Content/Orkun/062791_car-engine-idle-2-82133.uasset" 623
"D:/Github/CarGame/Content/Orkun/062791_car-engine-idle-2-82133.uexp" 624
"D:/Github/CarGame/Content/Orkun/menu-selection-102220.ubulk" 625
"D:/Github/CarGame/Content/Orkun/menu-selection-102220.uasset" 626
"D:/Github/CarGame/Content/Orkun/menu-selection-102220.uexp" 627
"D:/Github/CarGame/Content/Yigit/WBP_Winner.uasset" 628
"D:/Github/CarGame/Content/Yigit/WBP_Winner.uexp" 629
"D:/Github/CarGame/Content/Orkun/action-racing-speed-music-331470.ubulk" 630
"D:/Github/CarGame/Content/Orkun/action-racing-speed-music-331470.uasset" 631
"D:/Github/CarGame/Content/Orkun/action-racing-speed-music-331470.uexp" 632
"D:/Github/CarGame/Content/Orkun/BP_GameInstance.uasset" 633
"D:/Github/CarGame/Content/Orkun/BP_GameInstance.uexp" 634
"../../../Engine/Plugins/Runtime/AudioWidgets/Content/Resources/ScrubHandleDown_Clamped.uasset" 635
"../../../Engine/Plugins/Runtime/AudioWidgets/Content/Resources/ScrubHandleDown_Clamped.uexp" 636
"../../../Engine/Content/EngineMaterials/BlendFunc_DefBase.uasset" 637
"../../../Engine/Content/EngineMaterials/BlendFunc_DefBase.uexp" 638
"../../../Engine/Content/EngineMaterials/BlendFunc_DefBlend.uasset" 639
"../../../Engine/Content/EngineMaterials/BlendFunc_DefBlend.uexp" 640
"../../../Engine/Content/Functions/Engine_MaterialFunctions03/Math/RemapValueRange.uasset" 641
"../../../Engine/Content/Functions/Engine_MaterialFunctions03/Math/RemapValueRange.uexp" 642
"../../../Engine/Content/Functions/Engine_MaterialFunctions03/Blends/Blend_Difference.uasset" 643
"../../../Engine/Content/Functions/Engine_MaterialFunctions03/Blends/Blend_Difference.uexp" 644
"D:/Github/CarGame/Content/VehicleTemplate/Materials/M_Track.uasset" 645
"D:/Github/CarGame/Content/VehicleTemplate/Materials/M_Track.uexp" 646
"D:/Github/CarGame/Content/VehicleTemplate/Materials/MI_TrackEdge.uasset" 647
"D:/Github/CarGame/Content/VehicleTemplate/Materials/MI_TrackEdge.uexp" 648
"D:/Github/CarGame/Content/VehicleTemplate/Materials/MI_TrackEdge_Inst.uasset" 649
"D:/Github/CarGame/Content/VehicleTemplate/Materials/MI_TrackEdge_Inst.uexp" 650
"D:/Github/CarGame/Content/Yigit/Blockade.ubulk" 651
"D:/Github/CarGame/Content/Yigit/Blockade.uasset" 652
"D:/Github/CarGame/Content/Yigit/Blockade.uexp" 653
"D:/Github/CarGame/Content/Yigit/BP_BlockadeSpline.uasset" 654
"D:/Github/CarGame/Content/Yigit/BP_BlockadeSpline.uexp" 655
"../../../Engine/Content/EngineMaterials/FastBlueNoise_scalar_128x128x64.uasset" 656
"../../../Engine/Content/EngineMaterials/FastBlueNoise_scalar_128x128x64.uexp" 657
"../../../Engine/Content/EngineMaterials/FastBlueNoise_scalar_128x128x8.uasset" 658
"../../../Engine/Content/EngineMaterials/FastBlueNoise_scalar_128x128x8.uexp" 659
"../../../Engine/Content/EngineMaterials/FastBlueNoise_vec2_128x128x64.uasset" 660
"../../../Engine/Content/EngineMaterials/FastBlueNoise_vec2_128x128x64.uexp" 661
"../../../Engine/Content/EngineMaterials/BaseFlattenDiffuseMap.uasset" 662
"../../../Engine/Content/EngineMaterials/BaseFlattenDiffuseMap.uexp" 663
"../../../Engine/Content/EngineMaterials/BaseFlattenEmissiveMap.uasset" 664
"../../../Engine/Content/EngineMaterials/BaseFlattenEmissiveMap.uexp" 665
"../../../Engine/Content/EngineMaterials/BaseFlattenGrayscaleMap.uasset" 666
"../../../Engine/Content/EngineMaterials/BaseFlattenGrayscaleMap.uexp" 667
"../../../Engine/Content/EngineMaterials/BaseFlattenLinearColor.uasset" 668
"../../../Engine/Content/EngineMaterials/BaseFlattenLinearColor.uexp" 669
"../../../Engine/Content/EngineMaterials/BaseFlattenNormalMap.uasset" 670
"../../../Engine/Content/EngineMaterials/BaseFlattenNormalMap.uexp" 671
"../../../Engine/Content/Functions/Engine_MaterialFunctions02/PivotPainter2/Black_1x1_EXR_Texture.uasset" 672
"../../../Engine/Content/Functions/Engine_MaterialFunctions02/PivotPainter2/Black_1x1_EXR_Texture.uexp" 673
"../../../Engine/Content/EngineMaterials/FlattenMaterial.uasset" 674
"../../../Engine/Content/EngineMaterials/FlattenMaterial.uexp" 675
"../../../Engine/Content/EngineMaterials/BaseFlattenDiffuseMap_VT.ubulk" 676
"../../../Engine/Content/EngineMaterials/BaseFlattenDiffuseMap_VT.uasset" 677
"../../../Engine/Content/EngineMaterials/BaseFlattenDiffuseMap_VT.uexp" 678
"../../../Engine/Content/EngineMaterials/BaseFlattenEmissiveMap_VT.ubulk" 679
"../../../Engine/Content/EngineMaterials/BaseFlattenEmissiveMap_VT.uasset" 680
"../../../Engine/Content/EngineMaterials/BaseFlattenEmissiveMap_VT.uexp" 681
"../../../Engine/Content/EngineMaterials/BaseFlattenGrayscaleMap_VT.ubulk" 682
"../../../Engine/Content/EngineMaterials/BaseFlattenGrayscaleMap_VT.uasset" 683
"../../../Engine/Content/EngineMaterials/BaseFlattenGrayscaleMap_VT.uexp" 684
"../../../Engine/Content/EngineMaterials/BaseFlattenLinearColor_VT.ubulk" 685
"../../../Engine/Content/EngineMaterials/BaseFlattenLinearColor_VT.uasset" 686
"../../../Engine/Content/EngineMaterials/BaseFlattenLinearColor_VT.uexp" 687
"../../../Engine/Content/EngineMaterials/BaseFlattenNormalMap_VT.ubulk" 688
"../../../Engine/Content/EngineMaterials/BaseFlattenNormalMap_VT.uasset" 689
"../../../Engine/Content/EngineMaterials/BaseFlattenNormalMap_VT.uexp" 690
"../../../Engine/Content/EngineMaterials/Black_1x1_EXR_Texture_VT.ubulk" 691
"../../../Engine/Content/EngineMaterials/Black_1x1_EXR_Texture_VT.uasset" 692
"../../../Engine/Content/EngineMaterials/Black_1x1_EXR_Texture_VT.uexp" 693
"../../../Engine/Content/EngineMaterials/FlattenMaterial_VT.uasset" 694
"../../../Engine/Content/EngineMaterials/FlattenMaterial_VT.uexp" 695
"../../../Engine/Content/BasicShapes/Sphere.ubulk" 696
"../../../Engine/Content/BasicShapes/Sphere.uasset" 697
"../../../Engine/Content/BasicShapes/Sphere.uexp" 698
"../../../Engine/Content/BasicShapes/Plane.ubulk" 699
"../../../Engine/Content/BasicShapes/Plane.uasset" 700
"../../../Engine/Content/BasicShapes/Plane.uexp" 701
"../../../Engine/Content/EngineMaterials/FlattenMaterial_WS_Normal_VT.uasset" 702
"../../../Engine/Content/EngineMaterials/FlattenMaterial_WS_Normal_VT.uexp" 703
"../../../Engine/Content/EngineMaterials/GizmoMaterial.uasset" 704
"../../../Engine/Content/EngineMaterials/GizmoMaterial.uexp" 705
"../../../Engine/Content/BasicShapes/Cylinder.ubulk" 706
"../../../Engine/Content/BasicShapes/Cylinder.uasset" 707
"../../../Engine/Content/BasicShapes/Cylinder.uexp" 708
"../../../Engine/Content/BasicShapes/Cone.ubulk" 709
"../../../Engine/Content/BasicShapes/Cone.uasset" 710
"../../../Engine/Content/BasicShapes/Cone.uexp" 711
"../../../Engine/Content/BasicShapes/BasicShapeMaterial.uasset" 712
"../../../Engine/Content/BasicShapes/BasicShapeMaterial.uexp" 713
"../../../Engine/Plugins/NNE/NNEDenoiser/Content/NNE_oidn2-3-0_rt_hdr_calb_cnrm_large__dyn__fp16_opset11_ForwardAlpha.uasset" 714
"../../../Engine/Plugins/NNE/NNEDenoiser/Content/NNE_oidn2-3-0_rt_hdr_calb_cnrm_large__dyn__fp16_opset11_ForwardAlpha.uexp" 715
"../../../Engine/Plugins/NNE/NNEDenoiser/Content/NNE_oidn2-3-0_rt_hdr_calb_cnrm_large__dyn__fp16_opset11_DenoiseAlpha.uasset" 716
"../../../Engine/Plugins/NNE/NNEDenoiser/Content/NNE_oidn2-3-0_rt_hdr_calb_cnrm_large__dyn__fp16_opset11_DenoiseAlpha.uexp" 717
"../../../Engine/Plugins/NNE/NNEDenoiser/Content/NNE_oidn2-3-0_rt_hdr_alb_nrm__dyn__fp16_opset11_ForwardAlpha.uasset" 718
"../../../Engine/Plugins/NNE/NNEDenoiser/Content/NNE_oidn2-3-0_rt_hdr_alb_nrm__dyn__fp16_opset11_ForwardAlpha.uexp" 719
"../../../Engine/Plugins/NNE/NNEDenoiser/Content/NNE_oidn2-3-0_rt_hdr_alb_nrm__dyn__fp16_opset11_DenoiseAlpha.uasset" 720
"../../../Engine/Plugins/NNE/NNEDenoiser/Content/NNE_oidn2-3-0_rt_hdr_alb_nrm__dyn__fp16_opset11_DenoiseAlpha.uexp" 721
"../../../Engine/Plugins/NNE/NNEDenoiser/Content/NNE_oidn2-3-0_rt_hdr_alb_nrm_small__dyn__fp16_opset11_ForwardAlpha.uasset" 722
"../../../Engine/Plugins/NNE/NNEDenoiser/Content/NNE_oidn2-3-0_rt_hdr_alb_nrm_small__dyn__fp16_opset11_ForwardAlpha.uexp" 723
"../../../Engine/Plugins/NNE/NNEDenoiser/Content/NNE_oidn2-3-0_rt_hdr_alb_nrm_small__dyn__fp16_opset11_DenoiseAlpha.uasset" 724
"../../../Engine/Plugins/NNE/NNEDenoiser/Content/NNE_oidn2-3-0_rt_hdr_alb_nrm_small__dyn__fp16_opset11_DenoiseAlpha.uexp" 725
"../../../Engine/Plugins/NNE/NNEDenoiser/Content/NNED_Oidn2-3_HighQuality_Alpha.uasset" 726
"../../../Engine/Plugins/NNE/NNEDenoiser/Content/NNED_Oidn2-3_HighQuality_Alpha.uexp" 727
"../../../Engine/Plugins/NNE/NNEDenoiser/Content/NNED_Oidn2-3_HighQuality.uasset" 728
"../../../Engine/Plugins/NNE/NNEDenoiser/Content/NNED_Oidn2-3_HighQuality.uexp" 729
"../../../Engine/Plugins/NNE/NNEDenoiser/Content/NNED_Oidn2-3_Fast_Alpha.uasset" 730
"../../../Engine/Plugins/NNE/NNEDenoiser/Content/NNED_Oidn2-3_Fast_Alpha.uexp" 731
"../../../Engine/Plugins/NNE/NNEDenoiser/Content/NNED_Oidn2-3_Fast.uasset" 732
"../../../Engine/Plugins/NNE/NNEDenoiser/Content/NNED_Oidn2-3_Fast.uexp" 733
"../../../Engine/Plugins/NNE/NNEDenoiser/Content/NNED_Oidn2-3_Balanced_Alpha.uasset" 734
"../../../Engine/Plugins/NNE/NNEDenoiser/Content/NNED_Oidn2-3_Balanced_Alpha.uexp" 735
"../../../Engine/Plugins/NNE/NNEDenoiser/Content/NNED_Oidn2-3_Balanced.uasset" 736
"../../../Engine/Plugins/NNE/NNEDenoiser/Content/NNED_Oidn2-3_Balanced.uexp" 737
"../../../Engine/Plugins/NNE/NNEDenoiser/Content/NNEDT_Oidn2-3_Balanced_Alpha.uasset" 738
"../../../Engine/Plugins/NNE/NNEDenoiser/Content/NNEDT_Oidn2-3_Balanced_Alpha.uexp" 739
"../../../Engine/Plugins/NNE/NNEDenoiser/Content/NNEDT_Oidn2-3_Balanced.uasset" 740
"../../../Engine/Plugins/NNE/NNEDenoiser/Content/NNEDT_Oidn2-3_Balanced.uexp" 741
"../../../Engine/Plugins/NNE/NNEDenoiser/Content/NNEDTOM_Output_Default.uasset" 742
"../../../Engine/Plugins/NNE/NNEDenoiser/Content/NNEDTOM_Output_Default.uexp" 743
"../../../Engine/Content/Functions/Engine_MaterialFunctions02/Math/ProjectVectorOntoPlane.uasset" 744
"../../../Engine/Content/Functions/Engine_MaterialFunctions02/Math/ProjectVectorOntoPlane.uexp" 745
"../../../Engine/Content/EngineMaterials/LineSetComponentMaterial.uasset" 746
"../../../Engine/Content/EngineMaterials/LineSetComponentMaterial.uexp" 747
"../../../Engine/Plugins/NNE/NNEDenoiser/Content/NNEDTOM_Output_Alpha.uasset" 748
"../../../Engine/Plugins/NNE/NNEDenoiser/Content/NNEDTOM_Output_Alpha.uexp" 749
"../../../Engine/Plugins/NNE/NNEDenoiser/Content/NNEDTIM_ColorAlbedoNormal_Default.uasset" 750
"../../../Engine/Plugins/NNE/NNEDenoiser/Content/NNEDTIM_ColorAlbedoNormal_Default.uexp" 751
"../../../Engine/Plugins/NNE/NNEDenoiser/Content/NNEDTIM_ColorAlbedoNormal_Alpha.uasset" 752
"../../../Engine/Plugins/NNE/NNEDenoiser/Content/NNEDTIM_ColorAlbedoNormal_Alpha.uexp" 753
"../../../Engine/Content/EngineMaterials/MiniFont.uasset" 754
"../../../Engine/Content/EngineMaterials/MiniFont.uexp" 755
"../../../Engine/Plugins/NNE/NNEDenoiser/Content/NNEDOM_Output_Default.uasset" 756
"../../../Engine/Plugins/NNE/NNEDenoiser/Content/NNEDOM_Output_Default.uexp" 757
"../../../Engine/Plugins/NNE/NNEDenoiser/Content/NNEDOM_Output_Alpha.uasset" 758
"../../../Engine/Plugins/NNE/NNEDenoiser/Content/NNEDOM_Output_Alpha.uexp" 759
"../../../Engine/Content/EngineMaterials/InvalidLightmapSettings.ubulk" 760
"../../../Engine/Content/EngineMaterials/InvalidLightmapSettings.uasset" 761
"../../../Engine/Content/EngineMaterials/InvalidLightmapSettings.uexp" 762
"../../../Engine/Content/EngineMaterials/M_InvalidLightmapSettings.uasset" 763
"../../../Engine/Content/EngineMaterials/M_InvalidLightmapSettings.uexp" 764
"../../../Engine/Content/EngineMaterials/NaniteHiddenSectionMaterial.uasset" 765
"../../../Engine/Content/EngineMaterials/NaniteHiddenSectionMaterial.uexp" 766
"../../../Engine/Content/EngineMaterials/PhAT_JointLimitMaterial.uasset" 767
"../../../Engine/Content/EngineMaterials/PhAT_JointLimitMaterial.uexp" 768
"../../../Engine/Content/EngineMaterials/DefaultCalibrationColor.uasset" 769
"../../../Engine/Content/EngineMaterials/DefaultCalibrationColor.uexp" 770
"../../../Engine/Content/EngineMaterials/PPM_DefaultCalibrationColor.uasset" 771
"../../../Engine/Content/EngineMaterials/PPM_DefaultCalibrationColor.uexp" 772
"../../../Engine/Content/EngineMaterials/DefaultCalibrationGrayscale.uasset" 773
"../../../Engine/Content/EngineMaterials/DefaultCalibrationGrayscale.uexp" 774
"../../../Engine/Content/EngineMaterials/PPM_DefaultCalibrationGrayscale.uasset" 775
"../../../Engine/Content/EngineMaterials/PPM_DefaultCalibrationGrayscale.uexp" 776
"../../../Engine/Content/EditorResources/SequenceRecorder/RecordingIndicator.uasset" 777
"../../../Engine/Content/EditorResources/SequenceRecorder/RecordingIndicator.uexp" 778
"../../../Engine/Content/EditorResources/SequenceRecorder/Countdown.uasset" 779
"../../../Engine/Content/EditorResources/SequenceRecorder/Countdown.uexp" 780
"../../../Engine/Content/ArtTools/RenderToTexture/Meshes/S_1_Unit_Plane.ubulk" 781
"../../../Engine/Content/ArtTools/RenderToTexture/Meshes/S_1_Unit_Plane.uasset" 782
"../../../Engine/Content/ArtTools/RenderToTexture/Meshes/S_1_Unit_Plane.uexp" 783
"../../../Engine/Content/EngineResources/FilmGrains/Marcie_Grain_v3_128_M2_000.uasset" 784
"../../../Engine/Content/EngineResources/FilmGrains/Marcie_Grain_v3_128_M2_000.uexp" 785
"../../../Engine/Content/Functions/Engine_MaterialFunctions01/Texturing/FlattenNormal.uasset" 786
"../../../Engine/Content/Functions/Engine_MaterialFunctions01/Texturing/FlattenNormal.uexp" 787
"../../../Engine/Plugins/Interchange/Assets/Content/Utilities/New_LUT.uasset" 788
"../../../Engine/Plugins/Interchange/Assets/Content/Utilities/New_LUT.uexp" 789
"../../../Engine/Plugins/Interchange/Assets/Content/Functions/MF_Iridescence.uasset" 790
"../../../Engine/Plugins/Interchange/Assets/Content/Functions/MF_Iridescence.uexp" 791
"../../../Engine/Plugins/Interchange/Assets/Content/gltf/Textures/T_White_srgb.uasset" 792
"../../../Engine/Plugins/Interchange/Assets/Content/gltf/Textures/T_White_srgb.uexp" 793
"../../../Engine/Plugins/Interchange/Assets/Content/gltf/MaterialFunctions/MF_BaseColor.uasset" 794
"../../../Engine/Plugins/Interchange/Assets/Content/gltf/MaterialFunctions/MF_BaseColor.uexp" 795
"../../../Engine/Plugins/Interchange/Assets/Content/gltf/MaterialFunctions/MF_RotateNormals_TS.uasset" 796
"../../../Engine/Plugins/Interchange/Assets/Content/gltf/MaterialFunctions/MF_RotateNormals_TS.uexp" 797
"../../../Engine/Plugins/Interchange/Assets/Content/gltf/Textures/T_Generic_N.uasset" 798
"../../../Engine/Plugins/Interchange/Assets/Content/gltf/Textures/T_Generic_N.uexp" 799
"../../../Engine/Plugins/Interchange/Assets/Content/gltf/Textures/T_White_Linear.uasset" 800
"../../../Engine/Plugins/Interchange/Assets/Content/gltf/Textures/T_White_Linear.uexp" 801
"../../../Engine/Plugins/Interchange/Assets/Content/gltf/MaterialFunctions/MF_Clearcoat.uasset" 802
"../../../Engine/Plugins/Interchange/Assets/Content/gltf/MaterialFunctions/MF_Clearcoat.uexp" 803
"../../../Engine/Plugins/Interchange/Assets/Content/gltf/MaterialFunctions/MF_Emissive.uasset" 804
"../../../Engine/Plugins/Interchange/Assets/Content/gltf/MaterialFunctions/MF_Emissive.uexp" 805
"../../../Engine/Plugins/Interchange/Assets/Content/gltf/MaterialFunctions/MF_IOR.uasset" 806
"../../../Engine/Plugins/Interchange/Assets/Content/gltf/MaterialFunctions/MF_IOR.uexp" 807
"../../../Engine/Plugins/Interchange/Assets/Content/gltf/MaterialFunctions/MF_Iridescence.uasset" 808
"../../../Engine/Plugins/Interchange/Assets/Content/gltf/MaterialFunctions/MF_Iridescence.uexp" 809
"../../../Engine/Plugins/Interchange/Assets/Content/gltf/MaterialFunctions/MF_MetallicRoughness.uasset" 810
"../../../Engine/Plugins/Interchange/Assets/Content/gltf/MaterialFunctions/MF_MetallicRoughness.uexp" 811
"../../../Engine/Plugins/Interchange/Assets/Content/gltf/MaterialFunctions/MF_ScaleNormal.uasset" 812
"../../../Engine/Plugins/Interchange/Assets/Content/gltf/MaterialFunctions/MF_ScaleNormal.uexp" 813
"../../../Engine/Plugins/Interchange/Assets/Content/gltf/MaterialFunctions/MF_Normals.uasset" 814
"../../../Engine/Plugins/Interchange/Assets/Content/gltf/MaterialFunctions/MF_Normals.uexp" 815
"../../../Engine/Plugins/Interchange/Assets/Content/gltf/MaterialFunctions/MF_Occlusion.uasset" 816
"../../../Engine/Plugins/Interchange/Assets/Content/gltf/MaterialFunctions/MF_Occlusion.uexp" 817
"../../../Engine/Plugins/Interchange/Assets/Content/gltf/MaterialFunctions/MF_Specular.uasset" 818
"../../../Engine/Plugins/Interchange/Assets/Content/gltf/MaterialFunctions/MF_Specular.uexp" 819
"../../../Engine/Plugins/Interchange/Assets/Content/gltf/Textures/T_Anisotropy_Direction_Linear.uasset" 820
"../../../Engine/Plugins/Interchange/Assets/Content/gltf/Textures/T_Anisotropy_Direction_Linear.uexp" 821
"../../../Engine/Plugins/Interchange/Assets/Content/gltf/MaterialFunctions/MF_SpecularAnisotropy.uasset" 822
"../../../Engine/Plugins/Interchange/Assets/Content/gltf/MaterialFunctions/MF_SpecularAnisotropy.uexp" 823
"../../../Engine/Plugins/Interchange/Assets/Content/gltf/MaterialFunctions/MF_RotateV2.uasset" 824
"../../../Engine/Plugins/Interchange/Assets/Content/gltf/MaterialFunctions/MF_RotateV2.uexp" 825
"../../../Engine/Plugins/Interchange/Assets/Content/gltf/MaterialFunctions/MF_TransformUVs.uasset" 826
"../../../Engine/Plugins/Interchange/Assets/Content/gltf/MaterialFunctions/MF_TransformUVs.uexp" 827
"../../../Engine/Plugins/Interchange/Assets/Content/gltf/MaterialBodies/MF_ClearCoat_Body.uasset" 828
"../../../Engine/Plugins/Interchange/Assets/Content/gltf/MaterialBodies/MF_ClearCoat_Body.uexp" 829
"../../../Engine/Plugins/Interchange/Assets/Content/gltf/M_ClearCoat.uasset" 830
"../../../Engine/Plugins/Interchange/Assets/Content/gltf/M_ClearCoat.uexp" 831
"../../../Engine/Plugins/Interchange/Assets/Content/gltf/MaterialInstances/MI_ClearCoat_Blend.uasset" 832
"../../../Engine/Plugins/Interchange/Assets/Content/gltf/MaterialInstances/MI_ClearCoat_Blend.uexp" 833
"../../../Engine/Plugins/Interchange/Assets/Content/gltf/MaterialInstances/MI_ClearCoat_Blend_DS.uasset" 834
"../../../Engine/Plugins/Interchange/Assets/Content/gltf/MaterialInstances/MI_ClearCoat_Blend_DS.uexp" 835
"../../../Engine/Plugins/Interchange/Assets/Content/gltf/MaterialInstances/MI_ClearCoat_Mask.uasset" 836
"../../../Engine/Plugins/Interchange/Assets/Content/gltf/MaterialInstances/MI_ClearCoat_Mask.uexp" 837
"../../../Engine/Content/EngineResources/Development/ZenLogo_64.uasset" 838
"../../../Engine/Content/EngineResources/Development/ZenLogo_64.uexp" 839
"../../../Engine/Plugins/Interchange/Assets/Content/gltf/MaterialInstances/MI_ClearCoat_Mask_DS.uasset" 840
"../../../Engine/Plugins/Interchange/Assets/Content/gltf/MaterialInstances/MI_ClearCoat_Mask_DS.uexp" 841
"../../../Engine/Plugins/Interchange/Assets/Content/gltf/MaterialInstances/MI_ClearCoat_Opaque.uasset" 842
"../../../Engine/Plugins/Interchange/Assets/Content/gltf/MaterialInstances/MI_ClearCoat_Opaque.uexp" 843
"../../../Engine/Plugins/Interchange/Assets/Content/gltf/MaterialInstances/MI_ClearCoat_Opaque_DS.uasset" 844
"../../../Engine/Plugins/Interchange/Assets/Content/gltf/MaterialInstances/MI_ClearCoat_Opaque_DS.uexp" 845
"../../../Engine/Plugins/Interchange/Assets/Content/gltf/MaterialBodies/MF_Default_Body.uasset" 846
"../../../Engine/Plugins/Interchange/Assets/Content/gltf/MaterialBodies/MF_Default_Body.uexp" 847
"../../../Engine/Plugins/Interchange/Assets/Content/gltf/M_Default.uasset" 848
"../../../Engine/Plugins/Interchange/Assets/Content/gltf/M_Default.uexp" 849
"../../../Engine/Plugins/Interchange/Assets/Content/gltf/MaterialInstances/MI_Default_Blend.uasset" 850
"../../../Engine/Plugins/Interchange/Assets/Content/gltf/MaterialInstances/MI_Default_Blend.uexp" 851
"../../../Engine/Plugins/Interchange/Assets/Content/gltf/MaterialInstances/MI_Default_Blend_DS.uasset" 852
"../../../Engine/Plugins/Interchange/Assets/Content/gltf/MaterialInstances/MI_Default_Blend_DS.uexp" 853
"../../../Engine/Plugins/Interchange/Assets/Content/gltf/MaterialInstances/MI_Default_Mask.uasset" 854
"../../../Engine/Plugins/Interchange/Assets/Content/gltf/MaterialInstances/MI_Default_Mask.uexp" 855
"../../../Engine/Plugins/Interchange/Assets/Content/gltf/MaterialInstances/MI_Default_Mask_DS.uasset" 856
"../../../Engine/Plugins/Interchange/Assets/Content/gltf/MaterialInstances/MI_Default_Mask_DS.uexp" 857
"../../../Engine/Plugins/Interchange/Assets/Content/gltf/MaterialInstances/MI_Default_Opaque.uasset" 858
"../../../Engine/Plugins/Interchange/Assets/Content/gltf/MaterialInstances/MI_Default_Opaque.uexp" 859
"../../../Engine/Plugins/Interchange/Assets/Content/gltf/MaterialFunctions/MF_Sheen.uasset" 860
"../../../Engine/Plugins/Interchange/Assets/Content/gltf/MaterialFunctions/MF_Sheen.uexp" 861
"../../../Engine/Plugins/Interchange/Assets/Content/gltf/MaterialBodies/MF_Sheen_Body.uasset" 862
"../../../Engine/Plugins/Interchange/Assets/Content/gltf/MaterialBodies/MF_Sheen_Body.uexp" 863
"../../../Engine/Plugins/Interchange/Assets/Content/gltf/M_Sheen.uasset" 864
"../../../Engine/Plugins/Interchange/Assets/Content/gltf/M_Sheen.uexp" 865
"../../../Engine/Plugins/Interchange/Assets/Content/gltf/MaterialInstances/MI_Sheen_Blend.uasset" 866
"../../../Engine/Plugins/Interchange/Assets/Content/gltf/MaterialInstances/MI_Sheen_Blend.uexp" 867
"../../../Engine/Plugins/Interchange/Assets/Content/gltf/MaterialInstances/MI_Sheen_Blend_DS.uasset" 868
"../../../Engine/Plugins/Interchange/Assets/Content/gltf/MaterialInstances/MI_Sheen_Blend_DS.uexp" 869
"../../../Engine/Plugins/Interchange/Assets/Content/gltf/MaterialInstances/MI_Sheen_Mask.uasset" 870
"../../../Engine/Plugins/Interchange/Assets/Content/gltf/MaterialInstances/MI_Sheen_Mask.uexp" 871
"../../../Engine/Plugins/Interchange/Assets/Content/gltf/MaterialInstances/MI_Sheen_Mask_DS.uasset" 872
"../../../Engine/Plugins/Interchange/Assets/Content/gltf/MaterialInstances/MI_Sheen_Mask_DS.uexp" 873
"../../../Engine/Plugins/Interchange/Assets/Content/gltf/MaterialInstances/MI_Sheen_Opaque.uasset" 874
"../../../Engine/Plugins/Interchange/Assets/Content/gltf/MaterialInstances/MI_Sheen_Opaque.uexp" 875
"../../../Engine/Content/EngineMaterials/LTC/Sheen_LTC.uasset" 876
"../../../Engine/Content/EngineMaterials/LTC/Sheen_LTC.uexp" 877
"../../../Engine/Plugins/Interchange/Assets/Content/gltf/MaterialInstances/MI_Sheen_Opaque_DS.uasset" 878
"../../../Engine/Plugins/Interchange/Assets/Content/gltf/MaterialInstances/MI_Sheen_Opaque_DS.uexp" 879
"../../../Engine/Plugins/Interchange/Assets/Content/gltf/MaterialFunctions/MF_DiffuseSpecGloss.uasset" 880
"../../../Engine/Plugins/Interchange/Assets/Content/gltf/MaterialFunctions/MF_DiffuseSpecGloss.uexp" 881
"../../../Engine/Plugins/Interchange/Assets/Content/gltf/MaterialFunctions/MF_MaxComponentValue.uasset" 882
"../../../Engine/Plugins/Interchange/Assets/Content/gltf/MaterialFunctions/MF_MaxComponentValue.uexp" 883
"../../../Engine/Content/Functions/Engine_MaterialFunctions02/Math/AddComponents.uasset" 884
"../../../Engine/Content/Functions/Engine_MaterialFunctions02/Math/AddComponents.uexp" 885
"../../../Engine/Plugins/Interchange/Assets/Content/gltf/MaterialFunctions/MF_PerceivedBrightness.uasset" 886
"../../../Engine/Plugins/Interchange/Assets/Content/gltf/MaterialFunctions/MF_PerceivedBrightness.uexp" 887
"../../../Engine/Plugins/Interchange/Assets/Content/gltf/MaterialFunctions/MF_SpecGlossToMetalRoughness.uasset" 888
"../../../Engine/Plugins/Interchange/Assets/Content/gltf/MaterialFunctions/MF_SpecGlossToMetalRoughness.uexp" 889
"../../../Engine/Plugins/Interchange/Assets/Content/gltf/MaterialBodies/MF_SpecularGlossiness_Body.uasset" 890
"../../../Engine/Plugins/Interchange/Assets/Content/gltf/MaterialBodies/MF_SpecularGlossiness_Body.uexp" 891
"../../../Engine/Plugins/Interchange/Assets/Content/gltf/M_SpecularGlossiness.uasset" 892
"../../../Engine/Plugins/Interchange/Assets/Content/gltf/M_SpecularGlossiness.uexp" 893
"../../../Engine/Plugins/Interchange/Assets/Content/gltf/MaterialInstances/MI_SpecularGlossiness_Blend.uasset" 894
"../../../Engine/Plugins/Interchange/Assets/Content/gltf/MaterialInstances/MI_SpecularGlossiness_Blend.uexp" 895
"../../../Engine/Plugins/Interchange/Assets/Content/gltf/MaterialInstances/MI_SpecularGlossiness_Blend_DS.uasset" 896
"../../../Engine/Plugins/Interchange/Assets/Content/gltf/MaterialInstances/MI_SpecularGlossiness_Blend_DS.uexp" 897
"../../../Engine/Content/EngineMaterials/LTC/GGX_LTCMat.uasset" 898
"../../../Engine/Content/EngineMaterials/LTC/GGX_LTCMat.uexp" 899
"../../../Engine/Plugins/Interchange/Assets/Content/gltf/MaterialInstances/MI_SpecularGlossiness_Mask.uasset" 900
"../../../Engine/Plugins/Interchange/Assets/Content/gltf/MaterialInstances/MI_SpecularGlossiness_Mask.uexp" 901
"../../../Engine/Plugins/Interchange/Assets/Content/gltf/MaterialInstances/MI_SpecularGlossiness_Mask_DS.uasset" 902
"../../../Engine/Plugins/Interchange/Assets/Content/gltf/MaterialInstances/MI_SpecularGlossiness_Mask_DS.uexp" 903
"../../../Engine/Plugins/Interchange/Assets/Content/gltf/MaterialInstances/MI_SpecularGlossiness_Opaque.uasset" 904
"../../../Engine/Plugins/Interchange/Assets/Content/gltf/MaterialInstances/MI_SpecularGlossiness_Opaque.uexp" 905
"../../../Engine/Content/EngineMaterials/LTC/GGX_LTCAmp.uasset" 906
"../../../Engine/Content/EngineMaterials/LTC/GGX_LTCAmp.uexp" 907
"../../../Engine/Plugins/Interchange/Assets/Content/gltf/MaterialInstances/MI_SpecularGlossiness_Opaque_DS.uasset" 908
"../../../Engine/Plugins/Interchange/Assets/Content/gltf/MaterialInstances/MI_SpecularGlossiness_Opaque_DS.uexp" 909
"../../../Engine/Content/EngineMaterials/Good64x64TilingNoiseHighFreq.uasset" 910
"../../../Engine/Content/EngineMaterials/Good64x64TilingNoiseHighFreq.uexp" 911
"../../../Engine/Content/Functions/Engine_MaterialFunctions02/Texturing/ScreenAlignedPixelToPixelUVs.uasset" 912
"../../../Engine/Content/Functions/Engine_MaterialFunctions02/Texturing/ScreenAlignedPixelToPixelUVs.uexp" 913
"../../../Engine/Plugins/Interchange/Assets/Content/gltf/MaterialFunctions/MF_Fresnel_DS.uasset" 914
"../../../Engine/Plugins/Interchange/Assets/Content/gltf/MaterialFunctions/MF_Fresnel_DS.uexp" 915
"../../../Engine/Plugins/Interchange/Assets/Content/gltf/MaterialFunctions/MF_Temporal_Blur.uasset" 916
"../../../Engine/Plugins/Interchange/Assets/Content/gltf/MaterialFunctions/MF_Temporal_Blur.uexp" 917
"../../../Engine/Plugins/Interchange/Assets/Content/gltf/MaterialFunctions/MF_Transmission.uasset" 918
"../../../Engine/Plugins/Interchange/Assets/Content/gltf/MaterialFunctions/MF_Transmission.uexp" 919
"../../../Engine/Plugins/Interchange/Assets/Content/gltf/MaterialBodies/MF_Transmission_Body.uasset" 920
"../../../Engine/Plugins/Interchange/Assets/Content/gltf/MaterialBodies/MF_Transmission_Body.uexp" 921
"../../../Engine/Plugins/Interchange/Assets/Content/gltf/M_Transmission.uasset" 922
"../../../Engine/Plugins/Interchange/Assets/Content/gltf/M_Transmission.uexp" 923
"../../../Engine/Plugins/Interchange/Assets/Content/gltf/MaterialInstances/MI_Transmission.uasset" 924
"../../../Engine/Plugins/Interchange/Assets/Content/gltf/MaterialInstances/MI_Transmission.uexp" 925
"../../../Engine/Plugins/Interchange/Assets/Content/gltf/MaterialInstances/MI_Transmission_DS.uasset" 926
"../../../Engine/Plugins/Interchange/Assets/Content/gltf/MaterialInstances/MI_Transmission_DS.uexp" 927
"../../../Engine/Content/EngineMaterials/EnergyConservation/Sheen_Energy.uasset" 928
"../../../Engine/Content/EngineMaterials/EnergyConservation/Sheen_Energy.uexp" 929
"../../../Engine/Plugins/Interchange/Assets/Content/gltf/MaterialBodies/MF_Unlit_Body.uasset" 930
"../../../Engine/Plugins/Interchange/Assets/Content/gltf/MaterialBodies/MF_Unlit_Body.uexp" 931
"../../../Engine/Plugins/Interchange/Assets/Content/gltf/M_Unlit.uasset" 932
"../../../Engine/Plugins/Interchange/Assets/Content/gltf/M_Unlit.uexp" 933
"../../../Engine/Plugins/Interchange/Assets/Content/gltf/MaterialInstances/MI_Unlit_Blend.uasset" 934
"../../../Engine/Plugins/Interchange/Assets/Content/gltf/MaterialInstances/MI_Unlit_Blend.uexp" 935
"../../../Engine/Content/VREditor/TransformGizmo/BoundingBoxEdge.ubulk" 936
"../../../Engine/Content/VREditor/TransformGizmo/BoundingBoxEdge.uasset" 937
"../../../Engine/Content/VREditor/TransformGizmo/BoundingBoxEdge.uexp" 938
"../../../Engine/Plugins/Interchange/Assets/Content/gltf/MaterialInstances/MI_Unlit_Blend_DS.uasset" 939
"../../../Engine/Plugins/Interchange/Assets/Content/gltf/MaterialInstances/MI_Unlit_Blend_DS.uexp" 940
"../../../Engine/Content/EngineMaterials/EnergyConservation/SheenLegacy_Energy.uasset" 941
"../../../Engine/Content/EngineMaterials/EnergyConservation/SheenLegacy_Energy.uexp" 942
"../../../Engine/Plugins/Interchange/Assets/Content/gltf/MaterialInstances/MI_Unlit_Mask.uasset" 943
"../../../Engine/Plugins/Interchange/Assets/Content/gltf/MaterialInstances/MI_Unlit_Mask.uexp" 944
"../../../Engine/Content/VREditor/TransformGizmo/BoundingBoxCorner.ubulk" 945
"../../../Engine/Content/VREditor/TransformGizmo/BoundingBoxCorner.uasset" 946
"../../../Engine/Content/VREditor/TransformGizmo/BoundingBoxCorner.uexp" 947
"../../../Engine/Plugins/Interchange/Assets/Content/gltf/MaterialInstances/MI_Unlit_Mask_DS.uasset" 948
"../../../Engine/Plugins/Interchange/Assets/Content/gltf/MaterialInstances/MI_Unlit_Mask_DS.uexp" 949
"../../../Engine/Plugins/Interchange/Assets/Content/gltf/MaterialInstances/MI_Unlit_Opaque.uasset" 950
"../../../Engine/Plugins/Interchange/Assets/Content/gltf/MaterialInstances/MI_Unlit_Opaque.uexp" 951
"../../../Engine/Content/EngineMaterials/EnergyConservation/GGX_TransmissionEnergyArray.uasset" 952
"../../../Engine/Content/EngineMaterials/EnergyConservation/GGX_TransmissionEnergyArray.uexp" 953
"../../../Engine/Content/EditorMaterials/Dataflow/DataflowVertexMaterial.uasset" 954
"../../../Engine/Content/EditorMaterials/Dataflow/DataflowVertexMaterial.uexp" 955
"../../../Engine/Plugins/Interchange/Assets/Content/gltf/MaterialInstances/MI_Unlit_Opaque_DS.uasset" 956
"../../../Engine/Plugins/Interchange/Assets/Content/gltf/MaterialInstances/MI_Unlit_Opaque_DS.uexp" 957
"../../../Engine/Content/EditorMaterials/Dataflow/DataflowTwoSidedVertexMaterial.uasset" 958
"../../../Engine/Content/EditorMaterials/Dataflow/DataflowTwoSidedVertexMaterial.uexp" 959
"../../../Engine/Content/EngineMaterials/EnergyConservation/GGX_ReflectionEnergy.uasset" 960
"../../../Engine/Content/EngineMaterials/EnergyConservation/GGX_ReflectionEnergy.uexp" 961
"../../../Engine/Content/EngineMaterials/EnergyConservation/Diffuse_Energy.uasset" 962
"../../../Engine/Content/EngineMaterials/EnergyConservation/Diffuse_Energy.uexp" 963
"../../../Engine/Content/EngineMaterials/Substrate/GLints/AGlintTex2dArray.uasset" 964
"../../../Engine/Content/EngineMaterials/Substrate/GLints/AGlintTex2dArray.uexp" 965
"../../../Engine/Content/EngineMaterials/WeightMapPlaceholderTexture.uasset" 966
"../../../Engine/Content/EngineMaterials/WeightMapPlaceholderTexture.uexp" 967
"../../../Engine/Content/EngineMaterials/WeightMapArrayPlaceholderTexture.uasset" 968
"../../../Engine/Content/EngineMaterials/WeightMapArrayPlaceholderTexture.uexp" 969
"D:/Github/CarGame/Content/Vehicles/PhysicsMaterials/NonSlippery.uasset" 970
"D:/Github/CarGame/Content/Vehicles/PhysicsMaterials/NonSlippery.uexp" 971
"D:/Github/CarGame/Content/VehicleTemplate/Maps/LandscapeInfo/RVT_VehicleSample_D.uasset" 972
"D:/Github/CarGame/Content/VehicleTemplate/Maps/LandscapeInfo/RVT_VehicleSample_D.uexp" 973
"D:/Github/CarGame/Content/Vehicles/PhysicsMaterials/Slippery.uasset" 974
"D:/Github/CarGame/Content/Vehicles/PhysicsMaterials/Slippery.uexp" 975
"D:/Github/CarGame/Content/VehicleTemplate/Materials/M_Landscape.uasset" 976
"D:/Github/CarGame/Content/VehicleTemplate/Materials/M_Landscape.uexp" 977
"D:/Github/CarGame/Content/VehicleTemplate/Materials/M_Landscape_A.uasset" 978
"D:/Github/CarGame/Content/VehicleTemplate/Materials/M_Landscape_A.uexp" 979
"../../../Engine/Content/EngineResources/DefaultTexture.ubulk" 980
"../../../Engine/Content/EngineResources/DefaultTexture.uasset" 981
"../../../Engine/Content/EngineResources/DefaultTexture.uexp" 982
"../../../Engine/Content/EngineMaterials/DefaultNormal.ubulk" 983
"../../../Engine/Content/EngineMaterials/DefaultNormal.uasset" 984
"../../../Engine/Content/EngineMaterials/DefaultNormal.uexp" 985
"../../../Engine/Content/Functions/Engine_MaterialFunctions03/Procedurals/NormalFromHeightmap.uasset" 986
"../../../Engine/Content/Functions/Engine_MaterialFunctions03/Procedurals/NormalFromHeightmap.uexp" 987
"../../../Engine/Plugins/Interchange/Assets/Content/Functions/MF_PhongToMetalRoughness.uasset" 988
"../../../Engine/Plugins/Interchange/Assets/Content/Functions/MF_PhongToMetalRoughness.uexp" 989
"../../../Engine/Plugins/Interchange/Assets/Content/Materials/FBXLegacyPhongSurfaceMaterial.uasset" 990
"../../../Engine/Plugins/Interchange/Assets/Content/Materials/FBXLegacyPhongSurfaceMaterial.uexp" 991
"D:/Github/CarGame/Content/Kenan/LowpolyCar/Camaro/Plastic.uasset" 992
"D:/Github/CarGame/Content/Kenan/LowpolyCar/Camaro/Plastic.uexp" 993
"D:/Github/CarGame/Content/Kenan/SM_ArcadeCar_Wheel.ubulk" 994
"D:/Github/CarGame/Content/Kenan/SM_ArcadeCar_Wheel.uasset" 995
"D:/Github/CarGame/Content/Kenan/SM_ArcadeCar_Wheel.uexp" 996
"D:/Github/CarGame/Content/Kenan/Input/Actions/IA_BrakeA.uasset" 997
"D:/Github/CarGame/Content/Kenan/Input/Actions/IA_BrakeA.uexp" 998
"D:/Github/CarGame/Content/Kenan/Input/Actions/IA_HandbrakeA.uasset" 999
"D:/Github/CarGame/Content/Kenan/Input/Actions/IA_HandbrakeA.uexp" 1000
"D:/Github/CarGame/Content/Kenan/Input/Actions/IA_Nitro.uasset" 1001
"D:/Github/CarGame/Content/Kenan/Input/Actions/IA_Nitro.uexp" 1002
"D:/Github/CarGame/Content/Kenan/Input/Actions/IA_SteeringA.uasset" 1003
"D:/Github/CarGame/Content/Kenan/Input/Actions/IA_SteeringA.uexp" 1004
"D:/Github/CarGame/Content/Kenan/Input/Actions/IA_ThrottleA.uasset" 1005
"D:/Github/CarGame/Content/Kenan/Input/Actions/IA_ThrottleA.uexp" 1006
"D:/Github/CarGame/Content/Kenan/Input/Actions/IA_HeadlightsA.uasset" 1007
"D:/Github/CarGame/Content/Kenan/Input/Actions/IA_HeadlightsA.uexp" 1008
"D:/Github/CarGame/Content/Kenan/Input/Actions/IA_LookAroundA.uasset" 1009
"D:/Github/CarGame/Content/Kenan/Input/Actions/IA_LookAroundA.uexp" 1010
"D:/Github/CarGame/Content/Kenan/Input/Actions/IA_ResetA.uasset" 1011
"D:/Github/CarGame/Content/Kenan/Input/Actions/IA_ResetA.uexp" 1012
"D:/Github/CarGame/Content/Kenan/Input/Actions/IA_ToggleCameraA.uasset" 1013
"D:/Github/CarGame/Content/Kenan/Input/Actions/IA_ToggleCameraA.uexp" 1014
"D:/Github/CarGame/Content/Kenan/Input/IMC_Arcade.uasset" 1015
"D:/Github/CarGame/Content/Kenan/Input/IMC_Arcade.uexp" 1016
"D:/Github/CarGame/Content/Vehicles/SportsCar/SK_SportsCar.uasset" 1017
"D:/Github/CarGame/Content/Vehicles/SportsCar/SK_SportsCar.uexp" 1018
"D:/Github/CarGame/Content/Vehicles/SportsCar/PA_SportsCar.uasset" 1019
"D:/Github/CarGame/Content/Vehicles/SportsCar/PA_SportsCar.uexp" 1020
"D:/Github/CarGame/Content/Vehicles/SportsCar/SKM_SportsCar.uasset" 1021
"D:/Github/CarGame/Content/Vehicles/SportsCar/SKM_SportsCar.uexp" 1022
"D:/Github/CarGame/Content/Kenan/FC_ArcadeCar2_Torque.uasset" 1023
"D:/Github/CarGame/Content/Kenan/FC_ArcadeCar2_Torque.uexp" 1024
"D:/Github/CarGame/Content/Kenan/LowpolyCar/NissanGTR/Plastic.uasset" 1025
"D:/Github/CarGame/Content/Kenan/LowpolyCar/NissanGTR/Plastic.uexp" 1026
"D:/Github/CarGame/Content/Kenan/LowpolyCar/FerrariRoma/Plastic.uasset" 1027
"D:/Github/CarGame/Content/Kenan/LowpolyCar/FerrariRoma/Plastic.uexp" 1028
"D:/Github/CarGame/Content/Kenan/LowpolyCar/FerrariRoma/Rims.uasset" 1029
"D:/Github/CarGame/Content/Kenan/LowpolyCar/FerrariRoma/Rims.uexp" 1030
"D:/Github/CarGame/Content/Kenan/LowpolyCar/FerrariRoma/CarPaint.uasset" 1031
"D:/Github/CarGame/Content/Kenan/LowpolyCar/FerrariRoma/CarPaint.uexp" 1032
"D:/Github/CarGame/Content/Kenan/LowpolyCar/FerrariRoma/FrontLights.uasset" 1033
"D:/Github/CarGame/Content/Kenan/LowpolyCar/FerrariRoma/FrontLights.uexp" 1034
"D:/Github/CarGame/Content/Kenan/LowpolyCar/FerrariRoma/RearLights.uasset" 1035
"D:/Github/CarGame/Content/Kenan/LowpolyCar/FerrariRoma/RearLights.uexp" 1036
"D:/Github/CarGame/Content/Kenan/LowpolyCar/FerrariRoma/Window.uasset" 1037
"D:/Github/CarGame/Content/Kenan/LowpolyCar/FerrariRoma/Window.uexp" 1038
"D:/Github/CarGame/Content/Kenan/LowpolyCar/FerrariRoma/Roma.ubulk" 1039
"D:/Github/CarGame/Content/Kenan/LowpolyCar/FerrariRoma/Roma.uasset" 1040
"D:/Github/CarGame/Content/Kenan/LowpolyCar/FerrariRoma/Roma.uexp" 1041
"D:/Github/CarGame/Content/Yigit/BP_RacingAIController.uasset" 1042
"D:/Github/CarGame/Content/Yigit/BP_RacingAIController.uexp" 1043
"D:/Github/CarGame/Content/Yigit/Cars/BP_AI_ArcadeCar2.uasset" 1044
"D:/Github/CarGame/Content/Yigit/Cars/BP_AI_ArcadeCar2.uexp" 1045
"../../../Engine/Plugins/Interchange/Assets/Content/Functions/MX_AbsorptionVDF.uasset" 1046
"../../../Engine/Plugins/Interchange/Assets/Content/Functions/MX_AbsorptionVDF.uexp" 1047
"D:/Github/CarGame/Content/Kenan/LowpolyCar/FerrariBR20/Plastic.uasset" 1048
"D:/Github/CarGame/Content/Kenan/LowpolyCar/FerrariBR20/Plastic.uexp" 1049
"D:/Github/CarGame/Content/Kenan/LowpolyCar/FerrariBR20/Rims.uasset" 1050
"D:/Github/CarGame/Content/Kenan/LowpolyCar/FerrariBR20/Rims.uexp" 1051
"D:/Github/CarGame/Content/Kenan/LowpolyCar/FerrariBR20/CarPaint.uasset" 1052
"D:/Github/CarGame/Content/Kenan/LowpolyCar/FerrariBR20/CarPaint.uexp" 1053
"D:/Github/CarGame/Content/Kenan/LowpolyCar/FerrariBR20/FrontLights.uasset" 1054
"D:/Github/CarGame/Content/Kenan/LowpolyCar/FerrariBR20/FrontLights.uexp" 1055
"D:/Github/CarGame/Content/Kenan/LowpolyCar/FerrariBR20/RearLights.uasset" 1056
"D:/Github/CarGame/Content/Kenan/LowpolyCar/FerrariBR20/RearLights.uexp" 1057
"D:/Github/CarGame/Content/Kenan/LowpolyCar/FerrariBR20/Window.uasset" 1058
"D:/Github/CarGame/Content/Kenan/LowpolyCar/FerrariBR20/Window.uexp" 1059
"D:/Github/CarGame/Content/Kenan/LowpolyCar/FerrariBR20/BR20.ubulk" 1060
"D:/Github/CarGame/Content/Kenan/LowpolyCar/FerrariBR20/BR20.uasset" 1061
"D:/Github/CarGame/Content/Kenan/LowpolyCar/FerrariBR20/BR20.uexp" 1062
"D:/Github/CarGame/Content/Yigit/Cars/BP_AI_ArcadeCar3.uasset" 1063
"D:/Github/CarGame/Content/Yigit/Cars/BP_AI_ArcadeCar3.uexp" 1064
"../../../Engine/Plugins/Interchange/Assets/Content/gltf/MaterialInstances/MI_Default_Opaque_DS.uasset" 1065
"../../../Engine/Plugins/Interchange/Assets/Content/gltf/MaterialInstances/MI_Default_Opaque_DS.uexp" 1066
"D:/Github/CarGame/Content/Kenan/LowpolyCar/Lambo/lamborghini_gallardo_low_poly/Materials/Material.uasset" 1067
"D:/Github/CarGame/Content/Kenan/LowpolyCar/Lambo/lamborghini_gallardo_low_poly/Materials/Material.uexp" 1068
"D:/Github/CarGame/Content/Kenan/LowpolyCar/Lambo/lamborghini_gallardo_low_poly/Materials/Material_001.uasset" 1069
"D:/Github/CarGame/Content/Kenan/LowpolyCar/Lambo/lamborghini_gallardo_low_poly/Materials/Material_001.uexp" 1070
"D:/Github/CarGame/Content/Kenan/LowpolyCar/Lambo/lamborghini_gallardo_low_poly/Materials/Material_002.uasset" 1071
"D:/Github/CarGame/Content/Kenan/LowpolyCar/Lambo/lamborghini_gallardo_low_poly/Materials/Material_002.uexp" 1072
"D:/Github/CarGame/Content/Kenan/LowpolyCar/Lambo/lamborghini_gallardo_low_poly/Materials/Material_004.uasset" 1073
"D:/Github/CarGame/Content/Kenan/LowpolyCar/Lambo/lamborghini_gallardo_low_poly/Materials/Material_004.uexp" 1074
"D:/Github/CarGame/Content/Kenan/LowpolyCar/Lambo/lamborghini_gallardo_low_poly/Materials/Material_008.uasset" 1075
"D:/Github/CarGame/Content/Kenan/LowpolyCar/Lambo/lamborghini_gallardo_low_poly/Materials/Material_008.uexp" 1076
"D:/Github/CarGame/Content/Kenan/LowpolyCar/Lambo/lamborghini_gallardo_low_poly/Materials/Material_009.uasset" 1077
"D:/Github/CarGame/Content/Kenan/LowpolyCar/Lambo/lamborghini_gallardo_low_poly/Materials/Material_009.uexp" 1078
"D:/Github/CarGame/Content/Kenan/LowpolyCar/Lambo/SM_SM_Lambo.ubulk" 1079
"D:/Github/CarGame/Content/Kenan/LowpolyCar/Lambo/SM_SM_Lambo.uasset" 1080
"D:/Github/CarGame/Content/Kenan/LowpolyCar/Lambo/SM_SM_Lambo.uexp" 1081
"D:/Github/CarGame/Content/Yigit/Cars/BP_AI_ArcadeCar4.uasset" 1082
"D:/Github/CarGame/Content/Yigit/Cars/BP_AI_ArcadeCar4.uexp" 1083
"../../../Engine/Plugins/Interchange/Assets/Content/Functions/MX_AnisotropicVDF.uasset" 1084
"../../../Engine/Plugins/Interchange/Assets/Content/Functions/MX_AnisotropicVDF.uexp" 1085
"../../../Engine/Plugins/Interchange/Assets/Content/Functions/MX_BurleyDiffuseBSDF.uasset" 1086
"../../../Engine/Plugins/Interchange/Assets/Content/Functions/MX_BurleyDiffuseBSDF.uexp" 1087
"D:/Github/CarGame/Content/Kenan/LowpolyCar/NissanGTR/Rims.uasset" 1088
"D:/Github/CarGame/Content/Kenan/LowpolyCar/NissanGTR/Rims.uexp" 1089
"D:/Github/CarGame/Content/Kenan/LowpolyCar/NissanGTR/CarPaint.uasset" 1090
"D:/Github/CarGame/Content/Kenan/LowpolyCar/NissanGTR/CarPaint.uexp" 1091
"D:/Github/CarGame/Content/Kenan/LowpolyCar/NissanGTR/FrontLights.uasset" 1092
"D:/Github/CarGame/Content/Kenan/LowpolyCar/NissanGTR/FrontLights.uexp" 1093
"D:/Github/CarGame/Content/Kenan/LowpolyCar/NissanGTR/RearLights.uasset" 1094
"D:/Github/CarGame/Content/Kenan/LowpolyCar/NissanGTR/RearLights.uexp" 1095
"D:/Github/CarGame/Content/Kenan/LowpolyCar/NissanGTR/Window.uasset" 1096
"D:/Github/CarGame/Content/Kenan/LowpolyCar/NissanGTR/Window.uexp" 1097
"D:/Github/CarGame/Content/Kenan/LowpolyCar/NissanGTR/Nissan_GTR.ubulk" 1098
"D:/Github/CarGame/Content/Kenan/LowpolyCar/NissanGTR/Nissan_GTR.uasset" 1099
"D:/Github/CarGame/Content/Kenan/LowpolyCar/NissanGTR/Nissan_GTR.uexp" 1100
"D:/Github/CarGame/Content/Yigit/Cars/BP_AI_ArcadeCarGTR.uasset" 1101
"D:/Github/CarGame/Content/Yigit/Cars/BP_AI_ArcadeCarGTR.uexp" 1102
"../../../Engine/Plugins/Interchange/Assets/Content/Functions/MX_ChiangHairBSDF.uasset" 1103
"../../../Engine/Plugins/Interchange/Assets/Content/Functions/MX_ChiangHairBSDF.uexp" 1104
"../../../Engine/Plugins/Interchange/Assets/Content/Functions/MX_ConductorBSDF.uasset" 1105
"../../../Engine/Plugins/Interchange/Assets/Content/Functions/MX_ConductorBSDF.uexp" 1106
"../../../Engine/Plugins/Interchange/Assets/Content/Functions/MX_ConicalEDF.uasset" 1107
"../../../Engine/Plugins/Interchange/Assets/Content/Functions/MX_ConicalEDF.uexp" 1108
"../../../Engine/Content/EditorMaterials/Camera/CineMat.uasset" 1109
"../../../Engine/Content/EditorMaterials/Camera/CineMat.uexp" 1110
"../../../Engine/Content/EditorMaterials/Camera/MI_CineMat_Rig.uasset" 1111
"../../../Engine/Content/EditorMaterials/Camera/MI_CineMat_Rig.uexp" 1112
"../../../Engine/Content/EditorMeshes/Camera/SM_RailRig_Track.ubulk" 1113
"../../../Engine/Content/EditorMeshes/Camera/SM_RailRig_Track.uasset" 1114
"../../../Engine/Content/EditorMeshes/Camera/SM_RailRig_Track.uexp" 1115
"../../../Engine/Content/EditorMeshes/Camera/SM_RailRig_Mount.ubulk" 1116
"../../../Engine/Content/EditorMeshes/Camera/SM_RailRig_Mount.uasset" 1117
"../../../Engine/Content/EditorMeshes/Camera/SM_RailRig_Mount.uexp" 1118
"../../../Engine/Content/EditorMeshes/Camera/SM_CraneRig_Mount.ubulk" 1119
"../../../Engine/Content/EditorMeshes/Camera/SM_CraneRig_Mount.uasset" 1120
"../../../Engine/Content/EditorMeshes/Camera/SM_CraneRig_Mount.uexp" 1121
"../../../Engine/Content/EditorMeshes/Camera/SM_CraneRig_Body.ubulk" 1122
"../../../Engine/Content/EditorMeshes/Camera/SM_CraneRig_Body.uasset" 1123
"../../../Engine/Content/EditorMeshes/Camera/SM_CraneRig_Body.uexp" 1124
"../../../Engine/Content/EditorMeshes/Camera/SM_CraneRig_Base.ubulk" 1125
"../../../Engine/Content/EditorMeshes/Camera/SM_CraneRig_Base.uasset" 1126
"../../../Engine/Content/EditorMeshes/Camera/SM_CraneRig_Base.uexp" 1127
"../../../Engine/Content/EditorMeshes/Camera/SM_CraneRig_Arm.ubulk" 1128
"../../../Engine/Content/EditorMeshes/Camera/SM_CraneRig_Arm.uasset" 1129
"../../../Engine/Content/EditorMeshes/Camera/SM_CraneRig_Arm.uexp" 1130
"../../../Engine/Content/EngineMaterials/Substrate/Glints2/AGlintTex2dArray2.uasset" 1131
"../../../Engine/Content/EngineMaterials/Substrate/Glints2/AGlintTex2dArray2.uexp" 1132
"../../../Engine/Content/EditorMaterials/ParticleSystems/PSysThumbnail_OOD.ubulk" 1133
"../../../Engine/Content/EditorMaterials/ParticleSystems/PSysThumbnail_OOD.uasset" 1134
"../../../Engine/Content/EditorMaterials/ParticleSystems/PSysThumbnail_OOD.uexp" 1135
"../../../Engine/Content/EditorMaterials/ParticleSystems/PSysThumbnail_NoImage.ubulk" 1136
"../../../Engine/Content/EditorMaterials/ParticleSystems/PSysThumbnail_NoImage.uasset" 1137
"../../../Engine/Content/EditorMaterials/ParticleSystems/PSysThumbnail_NoImage.uexp" 1138
"../../../Engine/Content/Functions/Engine_MaterialFunctions01/Shading/ConvertFromDiffSpec.uasset" 1139
"../../../Engine/Content/Functions/Engine_MaterialFunctions01/Shading/ConvertFromDiffSpec.uexp" 1140
"../../../Engine/Content/Functions/Engine_MaterialFunctions01/Shading/PowerToRoughness.uasset" 1141
"../../../Engine/Content/Functions/Engine_MaterialFunctions01/Shading/PowerToRoughness.uexp" 1142
"../../../Engine/Content/EngineMaterials/Substrate/Volume/SubstrateSimpleVolumeEnvLUT3D.uasset" 1143
"../../../Engine/Content/EngineMaterials/Substrate/Volume/SubstrateSimpleVolumeEnvLUT3D.uexp" 1144
"../../../Engine/Content/EngineMaterials/Substrate/Volume/SubstrateSimpleVolumeLUT3D.uasset" 1145
"../../../Engine/Content/EngineMaterials/Substrate/Volume/SubstrateSimpleVolumeLUT3D.uexp" 1146
"D:/Github/CarGame/Content/VehicleTemplate/Meshes/SM_Track_10M.ubulk" 1147
"D:/Github/CarGame/Content/VehicleTemplate/Meshes/SM_Track_10M.uasset" 1148
"D:/Github/CarGame/Content/VehicleTemplate/Meshes/SM_Track_10M.uexp" 1149
"D:/Github/CarGame/Content/VehicleTemplate/Blueprints/Tools/BP_SplineMesh.uasset" 1150
"D:/Github/CarGame/Content/VehicleTemplate/Blueprints/Tools/BP_SplineMesh.uexp" 1151
"../../../Engine/Content/Maps/Entry_BuiltData.uasset" 1152
"../../../Engine/Content/Maps/Entry_BuiltData.uexp" 1153
"../../../Engine/Content/Maps/Entry.uexp" 1154
"../../../Engine/Content/Maps/Entry.umap" 1155
"../../../Engine/Content/Functions/Engine_MaterialFunctions02/Texturing/CustomRotator.uasset" 1156
"../../../Engine/Content/Functions/Engine_MaterialFunctions02/Texturing/CustomRotator.uexp" 1157
"../../../Engine/Plugins/Enterprise/DatasmithContent/Content/Materials/FBXImporter/DeltaGenUVEdit.uasset" 1158
"../../../Engine/Plugins/Enterprise/DatasmithContent/Content/Materials/FBXImporter/DeltaGenUVEdit.uexp" 1159
"../../../Engine/Plugins/Enterprise/DatasmithContent/Content/Materials/FBXImporter/DeltaGenBase.uasset" 1160
"../../../Engine/Plugins/Enterprise/DatasmithContent/Content/Materials/FBXImporter/DeltaGenBase.uexp" 1161
"../../../Engine/Content/EngineMaterials/DefaultNormal_Uncompressed.ubulk" 1162
"../../../Engine/Content/EngineMaterials/DefaultNormal_Uncompressed.uasset" 1163
"../../../Engine/Content/EngineMaterials/DefaultNormal_Uncompressed.uexp" 1164
"../../../Engine/Content/Functions/Engine_MaterialFunctions02/Math/CreateThirdOrthogonalVector.uasset" 1165
"../../../Engine/Content/Functions/Engine_MaterialFunctions02/Math/CreateThirdOrthogonalVector.uexp" 1166
"../../../Engine/Content/Functions/Engine_MaterialFunctions01/Gradient/LinearGradient.uasset" 1167
"../../../Engine/Content/Functions/Engine_MaterialFunctions01/Gradient/LinearGradient.uexp" 1168
"../../../Engine/Content/Functions/Engine_MaterialFunctions01/ImageAdjustment/CheapContrast.uasset" 1169
"../../../Engine/Content/Functions/Engine_MaterialFunctions01/ImageAdjustment/CheapContrast.uexp" 1170
"../../../Engine/Content/Functions/Engine_MaterialFunctions02/WorldAlignedNormals_HighQuality.uasset" 1171
"../../../Engine/Content/Functions/Engine_MaterialFunctions02/WorldAlignedNormals_HighQuality.uexp" 1172
"../../../Engine/Content/Functions/Engine_MaterialFunctions02/Texturing/HeightLerpWithTwoHeightMaps.uasset" 1173
"../../../Engine/Content/Functions/Engine_MaterialFunctions02/Texturing/HeightLerpWithTwoHeightMaps.uexp" 1174
"../../../Engine/Content/Functions/Engine_MaterialFunctions02/Texturing/WorldAlignedTextures_Complex.uasset" 1175
"../../../Engine/Content/Functions/Engine_MaterialFunctions02/Texturing/WorldAlignedTextures_Complex.uexp" 1176
"../../../Engine/Plugins/Enterprise/DatasmithContent/Content/Materials/FBXImporter/DeltaGenReferenceClearCoat.uasset" 1177
"../../../Engine/Plugins/Enterprise/DatasmithContent/Content/Materials/FBXImporter/DeltaGenReferenceClearCoat.uexp" 1178
"D:/Github/CarGame/Content/Kenan/LowpolyCar/Camaro/CarPaint.uasset" 1179
"D:/Github/CarGame/Content/Kenan/LowpolyCar/Camaro/CarPaint.uexp" 1180
"D:/Github/CarGame/Content/Kenan/LowpolyCar/Camaro/Rims.uasset" 1181
"D:/Github/CarGame/Content/Kenan/LowpolyCar/Camaro/Rims.uexp" 1182
"D:/Github/CarGame/Content/Kenan/LowpolyCar/Camaro/CarPaint2.uasset" 1183
"D:/Github/CarGame/Content/Kenan/LowpolyCar/Camaro/CarPaint2.uexp" 1184
"D:/Github/CarGame/Content/Kenan/LowpolyCar/Camaro/FrontLights.uasset" 1185
"D:/Github/CarGame/Content/Kenan/LowpolyCar/Camaro/FrontLights.uexp" 1186
"D:/Github/CarGame/Content/Kenan/LowpolyCar/Camaro/RearLights.uasset" 1187
"D:/Github/CarGame/Content/Kenan/LowpolyCar/Camaro/RearLights.uexp" 1188
"D:/Github/CarGame/Content/Kenan/LowpolyCar/Camaro/Window.uasset" 1189
"D:/Github/CarGame/Content/Kenan/LowpolyCar/Camaro/Window.uexp" 1190
"D:/Github/CarGame/Content/Kenan/LowpolyCar/Camaro/Camaro.ubulk" 1191
"D:/Github/CarGame/Content/Kenan/LowpolyCar/Camaro/Camaro.uasset" 1192
"D:/Github/CarGame/Content/Kenan/LowpolyCar/Camaro/Camaro.uexp" 1193
"D:/Github/CarGame/Content/VehicleTemplate/Blueprints/SportsCar/FC_SportsCar_Torque.uasset" 1194
"D:/Github/CarGame/Content/VehicleTemplate/Blueprints/SportsCar/FC_SportsCar_Torque.uexp" 1195
"D:/Github/CarGame/Content/Kenan/BP_ArcadeCarCamaro.uasset" 1196
"D:/Github/CarGame/Content/Kenan/BP_ArcadeCarCamaro.uexp" 1197
"D:/Github/CarGame/Content/Orkun/WBP_VehicleHUD.uasset" 1198
"D:/Github/CarGame/Content/Orkun/WBP_VehicleHUD.uexp" 1199
"D:/Github/CarGame/Content/Kenan/BP_RacingPlayerController.uasset" 1200
"D:/Github/CarGame/Content/Kenan/BP_RacingPlayerController.uexp" 1201
"D:/Github/CarGame/Content/Kenan/BP_RacingGameMode.uasset" 1202
"D:/Github/CarGame/Content/Kenan/BP_RacingGameMode.uexp" 1203
"D:/Github/CarGame/Content/Yigit/Lvl1.uexp" 1204
"D:/Github/CarGame/Content/Yigit/Lvl1.umap" 1205
"D:/Github/CarGame/Content/Orkun/car-engine-roaring-376881.ubulk" 1206
"D:/Github/CarGame/Content/Orkun/car-engine-roaring-376881.uasset" 1207
"D:/Github/CarGame/Content/Orkun/car-engine-roaring-376881.uexp" 1208
"D:/Github/CarGame/Content/Orkun/WBP_MainMenu.uasset" 1209
"D:/Github/CarGame/Content/Orkun/WBP_MainMenu.uexp" 1210
"../../../Engine/Content/Functions/Engine_MaterialFunctions02/Utility/BreakOutFloat4Components.uasset" 1211
"../../../Engine/Content/Functions/Engine_MaterialFunctions02/Utility/BreakOutFloat4Components.uexp" 1212
"../../../Engine/Content/Functions/Engine_MaterialFunctions02/Utility/MakeFloat4.uasset" 1213
"../../../Engine/Content/Functions/Engine_MaterialFunctions02/Utility/MakeFloat4.uexp" 1214
"../../../Engine/Content/EngineResources/DefaultVolumeTexture2D.uasset" 1215
"../../../Engine/Content/EngineResources/DefaultVolumeTexture2D.uexp" 1216
"../../../Engine/Content/EngineResources/DefaultVolumeTexture.uasset" 1217
"../../../Engine/Content/EngineResources/DefaultVolumeTexture.uexp" 1218
"../../../Engine/Content/EngineSky/VolumetricClouds/VT_Lightning.uasset" 1219
"../../../Engine/Content/EngineSky/VolumetricClouds/VT_Lightning.uexp" 1220
"../../../Engine/Content/Functions/Engine_MaterialFunctions01/Units/Km-to-Cm.uasset" 1221
"../../../Engine/Content/Functions/Engine_MaterialFunctions01/Units/Km-to-Cm.uexp" 1222
"../../../Engine/Content/EngineSky/VolumetricClouds/m_SimpleVolumetricCloud.uasset" 1223
"../../../Engine/Content/EngineSky/VolumetricClouds/m_SimpleVolumetricCloud.uexp" 1224
"../../../Engine/Content/EngineSky/VolumetricClouds/T_CloudMask.ubulk" 1225
"../../../Engine/Content/EngineSky/VolumetricClouds/T_CloudMask.uasset" 1226
"../../../Engine/Content/EngineSky/VolumetricClouds/T_CloudMask.uexp" 1227
"../../../Engine/Content/EngineSky/VolumetricClouds/T_CloudPattern.ubulk" 1228
"../../../Engine/Content/EngineSky/VolumetricClouds/T_CloudPattern.uasset" 1229
"../../../Engine/Content/EngineSky/VolumetricClouds/T_CloudPattern.uexp" 1230
"../../../Engine/Content/EngineSky/VolumetricClouds/T_Profile_08.ubulk" 1231
"../../../Engine/Content/EngineSky/VolumetricClouds/T_Profile_08.uasset" 1232
"../../../Engine/Content/EngineSky/VolumetricClouds/T_Profile_08.uexp" 1233
"../../../Engine/Content/EngineSky/VolumetricClouds/VT_PerlinWorley_Balanced.uasset" 1234
"../../../Engine/Content/EngineSky/VolumetricClouds/VT_PerlinWorley_Balanced.uexp" 1235
"../../../Engine/Content/EngineSky/VolumetricClouds/m_SimpleVolumetricCloud_Inst.uasset" 1236
"../../../Engine/Content/EngineSky/VolumetricClouds/m_SimpleVolumetricCloud_Inst.uexp" 1237
"D:/Github/CarGame/Content/VehicleTemplate/Materials/M_TintCol.uasset" 1238
"D:/Github/CarGame/Content/VehicleTemplate/Materials/M_TintCol.uexp" 1239
"D:/Github/CarGame/Content/VehicleTemplate/Meshes/SM_Tunnel.ubulk" 1240
"D:/Github/CarGame/Content/VehicleTemplate/Meshes/SM_Tunnel.uasset" 1241
"D:/Github/CarGame/Content/VehicleTemplate/Meshes/SM_Tunnel.uexp" 1242
"D:/Github/CarGame/Content/Kenan/LowpolyCar/Camaro/FR_Wheel.ubulk" 1243
"D:/Github/CarGame/Content/Kenan/LowpolyCar/Camaro/FR_Wheel.uasset" 1244
"D:/Github/CarGame/Content/Kenan/LowpolyCar/Camaro/FR_Wheel.uexp" 1245
"D:/Github/CarGame/Content/VehicleTemplate/Maps/LandscapeInfo/LI_Ground.uasset" 1246
"D:/Github/CarGame/Content/VehicleTemplate/Maps/LandscapeInfo/LI_Ground.uexp" 1247
"D:/Github/CarGame/Content/VehicleTemplate/Maps/LandscapeInfo/LI_Road.uasset" 1248
"D:/Github/CarGame/Content/VehicleTemplate/Maps/LandscapeInfo/LI_Road.uexp" 1249
"D:/Github/CarGame/Content/Orkun/L_MainMenu.uexp" 1250
"D:/Github/CarGame/Content/Orkun/L_MainMenu.umap" 1251
